/usr/local/lib/python3.10/dist-packages/modelopt/torch/utils/logging.py:116: UserWarning: Your device is potentially capable to use triton kernel to speed up quantization simulations. Try to install triton with `pip install triton`.
  warnings.warn(message, *args, **kwargs)
2026-06-25 19:42:11,803 - src_logger - INFO - Loading pose model on CPU/fp32 for ModelOpt PTQ (GPU-free, crash-safe) ...
2026-06-25 19:42:13,914 - src_logger - INFO - Loaded pose model — missing: 0, unexpected: 0 (depth/point/track keys expected as unexpected)
2026-06-25 19:42:14,263 - src_logger - INFO - ModelOpt INT8 PTQ: algorithm=max, weights=per-channel, on 12 QLAYERS ...
Inserted 1431 quantizers
aggregator.patch_embed.patch_embed.proj.input_quantizer                          TensorQuantizer(disabled)
aggregator.patch_embed.patch_embed.proj.output_quantizer                         TensorQuantizer(disabled)
aggregator.patch_embed.patch_embed.proj.weight_quantizer                         TensorQuantizer(disabled)
aggregator.patch_embed.blocks.0.norm1.input_quantizer                            TensorQuantizer(disabled)
aggregator.patch_embed.blocks.0.norm1.output_quantizer                           TensorQuantizer(disabled)
aggregator.patch_embed.blocks.0.attn.qkv.input_quantizer                         TensorQuantizer(disabled)
aggregator.patch_embed.blocks.0.attn.qkv.output_quantizer                        TensorQuantizer(disabled)
aggregator.patch_embed.blocks.0.attn.qkv.weight_quantizer                        TensorQuantizer(disabled)
aggregator.patch_embed.blocks.0.attn.proj.input_quantizer                        TensorQuantizer(disabled)
aggregator.patch_embed.blocks.0.attn.proj.output_quantizer                       TensorQuantizer(disabled)
aggregator.patch_embed.blocks.0.attn.proj.weight_quantizer                       TensorQuantizer(disabled)
aggregator.patch_embed.blocks.0.norm2.input_quantizer                            TensorQuantizer(disabled)
aggregator.patch_embed.blocks.0.norm2.output_quantizer                           TensorQuantizer(disabled)
aggregator.patch_embed.blocks.0.mlp.fc1.input_quantizer                          TensorQuantizer(disabled)
aggregator.patch_embed.blocks.0.mlp.fc1.output_quantizer                         TensorQuantizer(disabled)
aggregator.patch_embed.blocks.0.mlp.fc1.weight_quantizer                         TensorQuantizer(disabled)
aggregator.patch_embed.blocks.0.mlp.fc2.input_quantizer                          TensorQuantizer(disabled)
aggregator.patch_embed.blocks.0.mlp.fc2.output_quantizer                         TensorQuantizer(disabled)
aggregator.patch_embed.blocks.0.mlp.fc2.weight_quantizer                         TensorQuantizer(disabled)
aggregator.patch_embed.blocks.1.norm1.input_quantizer                            TensorQuantizer(disabled)
aggregator.patch_embed.blocks.1.norm1.output_quantizer                           TensorQuantizer(disabled)
aggregator.patch_embed.blocks.1.attn.qkv.input_quantizer                         TensorQuantizer(disabled)
aggregator.patch_embed.blocks.1.attn.qkv.output_quantizer                        TensorQuantizer(disabled)
aggregator.patch_embed.blocks.1.attn.qkv.weight_quantizer                        TensorQuantizer(disabled)
aggregator.patch_embed.blocks.1.attn.proj.input_quantizer                        TensorQuantizer(disabled)
aggregator.patch_embed.blocks.1.attn.proj.output_quantizer                       TensorQuantizer(disabled)
aggregator.patch_embed.blocks.1.attn.proj.weight_quantizer                       TensorQuantizer(disabled)
aggregator.patch_embed.blocks.1.norm2.input_quantizer                            TensorQuantizer(disabled)
aggregator.patch_embed.blocks.1.norm2.output_quantizer                           TensorQuantizer(disabled)
aggregator.patch_embed.blocks.1.mlp.fc1.input_quantizer                          TensorQuantizer(disabled)
aggregator.patch_embed.blocks.1.mlp.fc1.output_quantizer                         TensorQuantizer(disabled)
aggregator.patch_embed.blocks.1.mlp.fc1.weight_quantizer                         TensorQuantizer(disabled)
aggregator.patch_embed.blocks.1.mlp.fc2.input_quantizer                          TensorQuantizer(disabled)
aggregator.patch_embed.blocks.1.mlp.fc2.output_quantizer                         TensorQuantizer(disabled)
aggregator.patch_embed.blocks.1.mlp.fc2.weight_quantizer                         TensorQuantizer(disabled)
aggregator.patch_embed.blocks.2.norm1.input_quantizer                            TensorQuantizer(disabled)
aggregator.patch_embed.blocks.2.norm1.output_quantizer                           TensorQuantizer(disabled)
aggregator.patch_embed.blocks.2.attn.qkv.input_quantizer                         TensorQuantizer(disabled)
aggregator.patch_embed.blocks.2.attn.qkv.output_quantizer                        TensorQuantizer(disabled)
aggregator.patch_embed.blocks.2.attn.qkv.weight_quantizer                        TensorQuantizer(disabled)
aggregator.patch_embed.blocks.2.attn.proj.input_quantizer                        TensorQuantizer(disabled)
aggregator.patch_embed.blocks.2.attn.proj.output_quantizer                       TensorQuantizer(disabled)
aggregator.patch_embed.blocks.2.attn.proj.weight_quantizer                       TensorQuantizer(disabled)
aggregator.patch_embed.blocks.2.norm2.input_quantizer                            TensorQuantizer(disabled)
aggregator.patch_embed.blocks.2.norm2.output_quantizer                           TensorQuantizer(disabled)
aggregator.patch_embed.blocks.2.mlp.fc1.input_quantizer                          TensorQuantizer(disabled)
aggregator.patch_embed.blocks.2.mlp.fc1.output_quantizer                         TensorQuantizer(disabled)
aggregator.patch_embed.blocks.2.mlp.fc1.weight_quantizer                         TensorQuantizer(disabled)
aggregator.patch_embed.blocks.2.mlp.fc2.input_quantizer                          TensorQuantizer(disabled)
aggregator.patch_embed.blocks.2.mlp.fc2.output_quantizer                         TensorQuantizer(disabled)
aggregator.patch_embed.blocks.2.mlp.fc2.weight_quantizer                         TensorQuantizer(disabled)
aggregator.patch_embed.blocks.3.norm1.input_quantizer                            TensorQuantizer(disabled)
aggregator.patch_embed.blocks.3.norm1.output_quantizer                           TensorQuantizer(disabled)
aggregator.patch_embed.blocks.3.attn.qkv.input_quantizer                         TensorQuantizer(disabled)
aggregator.patch_embed.blocks.3.attn.qkv.output_quantizer                        TensorQuantizer(disabled)
aggregator.patch_embed.blocks.3.attn.qkv.weight_quantizer                        TensorQuantizer(disabled)
aggregator.patch_embed.blocks.3.attn.proj.input_quantizer                        TensorQuantizer(disabled)
aggregator.patch_embed.blocks.3.attn.proj.output_quantizer                       TensorQuantizer(disabled)
aggregator.patch_embed.blocks.3.attn.proj.weight_quantizer                       TensorQuantizer(disabled)
aggregator.patch_embed.blocks.3.norm2.input_quantizer                            TensorQuantizer(disabled)
aggregator.patch_embed.blocks.3.norm2.output_quantizer                           TensorQuantizer(disabled)
aggregator.patch_embed.blocks.3.mlp.fc1.input_quantizer                          TensorQuantizer(disabled)
aggregator.patch_embed.blocks.3.mlp.fc1.output_quantizer                         TensorQuantizer(disabled)
aggregator.patch_embed.blocks.3.mlp.fc1.weight_quantizer                         TensorQuantizer(disabled)
aggregator.patch_embed.blocks.3.mlp.fc2.input_quantizer                          TensorQuantizer(disabled)
aggregator.patch_embed.blocks.3.mlp.fc2.output_quantizer                         TensorQuantizer(disabled)
aggregator.patch_embed.blocks.3.mlp.fc2.weight_quantizer                         TensorQuantizer(disabled)
aggregator.patch_embed.blocks.4.norm1.input_quantizer                            TensorQuantizer(disabled)
aggregator.patch_embed.blocks.4.norm1.output_quantizer                           TensorQuantizer(disabled)
aggregator.patch_embed.blocks.4.attn.qkv.input_quantizer                         TensorQuantizer(disabled)
aggregator.patch_embed.blocks.4.attn.qkv.output_quantizer                        TensorQuantizer(disabled)
aggregator.patch_embed.blocks.4.attn.qkv.weight_quantizer                        TensorQuantizer(disabled)
aggregator.patch_embed.blocks.4.attn.proj.input_quantizer                        TensorQuantizer(disabled)
aggregator.patch_embed.blocks.4.attn.proj.output_quantizer                       TensorQuantizer(disabled)
aggregator.patch_embed.blocks.4.attn.proj.weight_quantizer                       TensorQuantizer(disabled)
aggregator.patch_embed.blocks.4.norm2.input_quantizer                            TensorQuantizer(disabled)
aggregator.patch_embed.blocks.4.norm2.output_quantizer                           TensorQuantizer(disabled)
aggregator.patch_embed.blocks.4.mlp.fc1.input_quantizer                          TensorQuantizer(disabled)
aggregator.patch_embed.blocks.4.mlp.fc1.output_quantizer                         TensorQuantizer(disabled)
aggregator.patch_embed.blocks.4.mlp.fc1.weight_quantizer                         TensorQuantizer(disabled)
aggregator.patch_embed.blocks.4.mlp.fc2.input_quantizer                          TensorQuantizer(disabled)
aggregator.patch_embed.blocks.4.mlp.fc2.output_quantizer                         TensorQuantizer(disabled)
aggregator.patch_embed.blocks.4.mlp.fc2.weight_quantizer                         TensorQuantizer(disabled)
aggregator.patch_embed.blocks.5.norm1.input_quantizer                            TensorQuantizer(disabled)
aggregator.patch_embed.blocks.5.norm1.output_quantizer                           TensorQuantizer(disabled)
aggregator.patch_embed.blocks.5.attn.qkv.input_quantizer                         TensorQuantizer(disabled)
aggregator.patch_embed.blocks.5.attn.qkv.output_quantizer                        TensorQuantizer(disabled)
aggregator.patch_embed.blocks.5.attn.qkv.weight_quantizer                        TensorQuantizer(disabled)
aggregator.patch_embed.blocks.5.attn.proj.input_quantizer                        TensorQuantizer(disabled)
aggregator.patch_embed.blocks.5.attn.proj.output_quantizer                       TensorQuantizer(disabled)
aggregator.patch_embed.blocks.5.attn.proj.weight_quantizer                       TensorQuantizer(disabled)
aggregator.patch_embed.blocks.5.norm2.input_quantizer                            TensorQuantizer(disabled)
aggregator.patch_embed.blocks.5.norm2.output_quantizer                           TensorQuantizer(disabled)
aggregator.patch_embed.blocks.5.mlp.fc1.input_quantizer                          TensorQuantizer(disabled)
aggregator.patch_embed.blocks.5.mlp.fc1.output_quantizer                         TensorQuantizer(disabled)
aggregator.patch_embed.blocks.5.mlp.fc1.weight_quantizer                         TensorQuantizer(disabled)
aggregator.patch_embed.blocks.5.mlp.fc2.input_quantizer                          TensorQuantizer(disabled)
aggregator.patch_embed.blocks.5.mlp.fc2.output_quantizer                         TensorQuantizer(disabled)
aggregator.patch_embed.blocks.5.mlp.fc2.weight_quantizer                         TensorQuantizer(disabled)
aggregator.patch_embed.blocks.6.norm1.input_quantizer                            TensorQuantizer(disabled)
aggregator.patch_embed.blocks.6.norm1.output_quantizer                           TensorQuantizer(disabled)
aggregator.patch_embed.blocks.6.attn.qkv.input_quantizer                         TensorQuantizer(disabled)
aggregator.patch_embed.blocks.6.attn.qkv.output_quantizer                        TensorQuantizer(disabled)
aggregator.patch_embed.blocks.6.attn.qkv.weight_quantizer                        TensorQuantizer(disabled)
aggregator.patch_embed.blocks.6.attn.proj.input_quantizer                        TensorQuantizer(disabled)
aggregator.patch_embed.blocks.6.attn.proj.output_quantizer                       TensorQuantizer(disabled)
aggregator.patch_embed.blocks.6.attn.proj.weight_quantizer                       TensorQuantizer(disabled)
aggregator.patch_embed.blocks.6.norm2.input_quantizer                            TensorQuantizer(disabled)
aggregator.patch_embed.blocks.6.norm2.output_quantizer                           TensorQuantizer(disabled)
aggregator.patch_embed.blocks.6.mlp.fc1.input_quantizer                          TensorQuantizer(disabled)
aggregator.patch_embed.blocks.6.mlp.fc1.output_quantizer                         TensorQuantizer(disabled)
aggregator.patch_embed.blocks.6.mlp.fc1.weight_quantizer                         TensorQuantizer(disabled)
aggregator.patch_embed.blocks.6.mlp.fc2.input_quantizer                          TensorQuantizer(disabled)
aggregator.patch_embed.blocks.6.mlp.fc2.output_quantizer                         TensorQuantizer(disabled)
aggregator.patch_embed.blocks.6.mlp.fc2.weight_quantizer                         TensorQuantizer(disabled)
aggregator.patch_embed.blocks.7.norm1.input_quantizer                            TensorQuantizer(disabled)
aggregator.patch_embed.blocks.7.norm1.output_quantizer                           TensorQuantizer(disabled)
aggregator.patch_embed.blocks.7.attn.qkv.input_quantizer                         TensorQuantizer(disabled)
aggregator.patch_embed.blocks.7.attn.qkv.output_quantizer                        TensorQuantizer(disabled)
aggregator.patch_embed.blocks.7.attn.qkv.weight_quantizer                        TensorQuantizer(disabled)
aggregator.patch_embed.blocks.7.attn.proj.input_quantizer                        TensorQuantizer(disabled)
aggregator.patch_embed.blocks.7.attn.proj.output_quantizer                       TensorQuantizer(disabled)
aggregator.patch_embed.blocks.7.attn.proj.weight_quantizer                       TensorQuantizer(disabled)
aggregator.patch_embed.blocks.7.norm2.input_quantizer                            TensorQuantizer(disabled)
aggregator.patch_embed.blocks.7.norm2.output_quantizer                           TensorQuantizer(disabled)
aggregator.patch_embed.blocks.7.mlp.fc1.input_quantizer                          TensorQuantizer(disabled)
aggregator.patch_embed.blocks.7.mlp.fc1.output_quantizer                         TensorQuantizer(disabled)
aggregator.patch_embed.blocks.7.mlp.fc1.weight_quantizer                         TensorQuantizer(disabled)
aggregator.patch_embed.blocks.7.mlp.fc2.input_quantizer                          TensorQuantizer(disabled)
aggregator.patch_embed.blocks.7.mlp.fc2.output_quantizer                         TensorQuantizer(disabled)
aggregator.patch_embed.blocks.7.mlp.fc2.weight_quantizer                         TensorQuantizer(disabled)
aggregator.patch_embed.blocks.8.norm1.input_quantizer                            TensorQuantizer(disabled)
aggregator.patch_embed.blocks.8.norm1.output_quantizer                           TensorQuantizer(disabled)
aggregator.patch_embed.blocks.8.attn.qkv.input_quantizer                         TensorQuantizer(disabled)
aggregator.patch_embed.blocks.8.attn.qkv.output_quantizer                        TensorQuantizer(disabled)
aggregator.patch_embed.blocks.8.attn.qkv.weight_quantizer                        TensorQuantizer(disabled)
aggregator.patch_embed.blocks.8.attn.proj.input_quantizer                        TensorQuantizer(disabled)
aggregator.patch_embed.blocks.8.attn.proj.output_quantizer                       TensorQuantizer(disabled)
aggregator.patch_embed.blocks.8.attn.proj.weight_quantizer                       TensorQuantizer(disabled)
aggregator.patch_embed.blocks.8.norm2.input_quantizer                            TensorQuantizer(disabled)
aggregator.patch_embed.blocks.8.norm2.output_quantizer                           TensorQuantizer(disabled)
aggregator.patch_embed.blocks.8.mlp.fc1.input_quantizer                          TensorQuantizer(disabled)
aggregator.patch_embed.blocks.8.mlp.fc1.output_quantizer                         TensorQuantizer(disabled)
aggregator.patch_embed.blocks.8.mlp.fc1.weight_quantizer                         TensorQuantizer(disabled)
aggregator.patch_embed.blocks.8.mlp.fc2.input_quantizer                          TensorQuantizer(disabled)
aggregator.patch_embed.blocks.8.mlp.fc2.output_quantizer                         TensorQuantizer(disabled)
aggregator.patch_embed.blocks.8.mlp.fc2.weight_quantizer                         TensorQuantizer(disabled)
aggregator.patch_embed.blocks.9.norm1.input_quantizer                            TensorQuantizer(disabled)
aggregator.patch_embed.blocks.9.norm1.output_quantizer                           TensorQuantizer(disabled)
aggregator.patch_embed.blocks.9.attn.qkv.input_quantizer                         TensorQuantizer(disabled)
aggregator.patch_embed.blocks.9.attn.qkv.output_quantizer                        TensorQuantizer(disabled)
aggregator.patch_embed.blocks.9.attn.qkv.weight_quantizer                        TensorQuantizer(disabled)
aggregator.patch_embed.blocks.9.attn.proj.input_quantizer                        TensorQuantizer(disabled)
aggregator.patch_embed.blocks.9.attn.proj.output_quantizer                       TensorQuantizer(disabled)
aggregator.patch_embed.blocks.9.attn.proj.weight_quantizer                       TensorQuantizer(disabled)
aggregator.patch_embed.blocks.9.norm2.input_quantizer                            TensorQuantizer(disabled)
aggregator.patch_embed.blocks.9.norm2.output_quantizer                           TensorQuantizer(disabled)
aggregator.patch_embed.blocks.9.mlp.fc1.input_quantizer                          TensorQuantizer(disabled)
aggregator.patch_embed.blocks.9.mlp.fc1.output_quantizer                         TensorQuantizer(disabled)
aggregator.patch_embed.blocks.9.mlp.fc1.weight_quantizer                         TensorQuantizer(disabled)
aggregator.patch_embed.blocks.9.mlp.fc2.input_quantizer                          TensorQuantizer(disabled)
aggregator.patch_embed.blocks.9.mlp.fc2.output_quantizer                         TensorQuantizer(disabled)
aggregator.patch_embed.blocks.9.mlp.fc2.weight_quantizer                         TensorQuantizer(disabled)
aggregator.patch_embed.blocks.10.norm1.input_quantizer                           TensorQuantizer(disabled)
aggregator.patch_embed.blocks.10.norm1.output_quantizer                          TensorQuantizer(disabled)
aggregator.patch_embed.blocks.10.attn.qkv.input_quantizer                        TensorQuantizer(disabled)
aggregator.patch_embed.blocks.10.attn.qkv.output_quantizer                       TensorQuantizer(disabled)
aggregator.patch_embed.blocks.10.attn.qkv.weight_quantizer                       TensorQuantizer(disabled)
aggregator.patch_embed.blocks.10.attn.proj.input_quantizer                       TensorQuantizer(disabled)
aggregator.patch_embed.blocks.10.attn.proj.output_quantizer                      TensorQuantizer(disabled)
aggregator.patch_embed.blocks.10.attn.proj.weight_quantizer                      TensorQuantizer(disabled)
aggregator.patch_embed.blocks.10.norm2.input_quantizer                           TensorQuantizer(disabled)
aggregator.patch_embed.blocks.10.norm2.output_quantizer                          TensorQuantizer(disabled)
aggregator.patch_embed.blocks.10.mlp.fc1.input_quantizer                         TensorQuantizer(disabled)
aggregator.patch_embed.blocks.10.mlp.fc1.output_quantizer                        TensorQuantizer(disabled)
aggregator.patch_embed.blocks.10.mlp.fc1.weight_quantizer                        TensorQuantizer(disabled)
aggregator.patch_embed.blocks.10.mlp.fc2.input_quantizer                         TensorQuantizer(disabled)
aggregator.patch_embed.blocks.10.mlp.fc2.output_quantizer                        TensorQuantizer(disabled)
aggregator.patch_embed.blocks.10.mlp.fc2.weight_quantizer                        TensorQuantizer(disabled)
aggregator.patch_embed.blocks.11.norm1.input_quantizer                           TensorQuantizer(disabled)
aggregator.patch_embed.blocks.11.norm1.output_quantizer                          TensorQuantizer(disabled)
aggregator.patch_embed.blocks.11.attn.qkv.input_quantizer                        TensorQuantizer(disabled)
aggregator.patch_embed.blocks.11.attn.qkv.output_quantizer                       TensorQuantizer(disabled)
aggregator.patch_embed.blocks.11.attn.qkv.weight_quantizer                       TensorQuantizer(disabled)
aggregator.patch_embed.blocks.11.attn.proj.input_quantizer                       TensorQuantizer(disabled)
aggregator.patch_embed.blocks.11.attn.proj.output_quantizer                      TensorQuantizer(disabled)
aggregator.patch_embed.blocks.11.attn.proj.weight_quantizer                      TensorQuantizer(disabled)
aggregator.patch_embed.blocks.11.norm2.input_quantizer                           TensorQuantizer(disabled)
aggregator.patch_embed.blocks.11.norm2.output_quantizer                          TensorQuantizer(disabled)
aggregator.patch_embed.blocks.11.mlp.fc1.input_quantizer                         TensorQuantizer(disabled)
aggregator.patch_embed.blocks.11.mlp.fc1.output_quantizer                        TensorQuantizer(disabled)
aggregator.patch_embed.blocks.11.mlp.fc1.weight_quantizer                        TensorQuantizer(disabled)
aggregator.patch_embed.blocks.11.mlp.fc2.input_quantizer                         TensorQuantizer(disabled)
aggregator.patch_embed.blocks.11.mlp.fc2.output_quantizer                        TensorQuantizer(disabled)
aggregator.patch_embed.blocks.11.mlp.fc2.weight_quantizer                        TensorQuantizer(disabled)
aggregator.patch_embed.blocks.12.norm1.input_quantizer                           TensorQuantizer(disabled)
aggregator.patch_embed.blocks.12.norm1.output_quantizer                          TensorQuantizer(disabled)
aggregator.patch_embed.blocks.12.attn.qkv.input_quantizer                        TensorQuantizer(disabled)
aggregator.patch_embed.blocks.12.attn.qkv.output_quantizer                       TensorQuantizer(disabled)
aggregator.patch_embed.blocks.12.attn.qkv.weight_quantizer                       TensorQuantizer(disabled)
aggregator.patch_embed.blocks.12.attn.proj.input_quantizer                       TensorQuantizer(disabled)
aggregator.patch_embed.blocks.12.attn.proj.output_quantizer                      TensorQuantizer(disabled)
aggregator.patch_embed.blocks.12.attn.proj.weight_quantizer                      TensorQuantizer(disabled)
aggregator.patch_embed.blocks.12.norm2.input_quantizer                           TensorQuantizer(disabled)
aggregator.patch_embed.blocks.12.norm2.output_quantizer                          TensorQuantizer(disabled)
aggregator.patch_embed.blocks.12.mlp.fc1.input_quantizer                         TensorQuantizer(disabled)
aggregator.patch_embed.blocks.12.mlp.fc1.output_quantizer                        TensorQuantizer(disabled)
aggregator.patch_embed.blocks.12.mlp.fc1.weight_quantizer                        TensorQuantizer(disabled)
aggregator.patch_embed.blocks.12.mlp.fc2.input_quantizer                         TensorQuantizer(disabled)
aggregator.patch_embed.blocks.12.mlp.fc2.output_quantizer                        TensorQuantizer(disabled)
aggregator.patch_embed.blocks.12.mlp.fc2.weight_quantizer                        TensorQuantizer(disabled)
aggregator.patch_embed.blocks.13.norm1.input_quantizer                           TensorQuantizer(disabled)
aggregator.patch_embed.blocks.13.norm1.output_quantizer                          TensorQuantizer(disabled)
aggregator.patch_embed.blocks.13.attn.qkv.input_quantizer                        TensorQuantizer(disabled)
aggregator.patch_embed.blocks.13.attn.qkv.output_quantizer                       TensorQuantizer(disabled)
aggregator.patch_embed.blocks.13.attn.qkv.weight_quantizer                       TensorQuantizer(disabled)
aggregator.patch_embed.blocks.13.attn.proj.input_quantizer                       TensorQuantizer(disabled)
aggregator.patch_embed.blocks.13.attn.proj.output_quantizer                      TensorQuantizer(disabled)
aggregator.patch_embed.blocks.13.attn.proj.weight_quantizer                      TensorQuantizer(disabled)
aggregator.patch_embed.blocks.13.norm2.input_quantizer                           TensorQuantizer(disabled)
aggregator.patch_embed.blocks.13.norm2.output_quantizer                          TensorQuantizer(disabled)
aggregator.patch_embed.blocks.13.mlp.fc1.input_quantizer                         TensorQuantizer(disabled)
aggregator.patch_embed.blocks.13.mlp.fc1.output_quantizer                        TensorQuantizer(disabled)
aggregator.patch_embed.blocks.13.mlp.fc1.weight_quantizer                        TensorQuantizer(disabled)
aggregator.patch_embed.blocks.13.mlp.fc2.input_quantizer                         TensorQuantizer(disabled)
aggregator.patch_embed.blocks.13.mlp.fc2.output_quantizer                        TensorQuantizer(disabled)
aggregator.patch_embed.blocks.13.mlp.fc2.weight_quantizer                        TensorQuantizer(disabled)
aggregator.patch_embed.blocks.14.norm1.input_quantizer                           TensorQuantizer(disabled)
aggregator.patch_embed.blocks.14.norm1.output_quantizer                          TensorQuantizer(disabled)
aggregator.patch_embed.blocks.14.attn.qkv.input_quantizer                        TensorQuantizer(disabled)
aggregator.patch_embed.blocks.14.attn.qkv.output_quantizer                       TensorQuantizer(disabled)
aggregator.patch_embed.blocks.14.attn.qkv.weight_quantizer                       TensorQuantizer(disabled)
aggregator.patch_embed.blocks.14.attn.proj.input_quantizer                       TensorQuantizer(disabled)
aggregator.patch_embed.blocks.14.attn.proj.output_quantizer                      TensorQuantizer(disabled)
aggregator.patch_embed.blocks.14.attn.proj.weight_quantizer                      TensorQuantizer(disabled)
aggregator.patch_embed.blocks.14.norm2.input_quantizer                           TensorQuantizer(disabled)
aggregator.patch_embed.blocks.14.norm2.output_quantizer                          TensorQuantizer(disabled)
aggregator.patch_embed.blocks.14.mlp.fc1.input_quantizer                         TensorQuantizer(disabled)
aggregator.patch_embed.blocks.14.mlp.fc1.output_quantizer                        TensorQuantizer(disabled)
aggregator.patch_embed.blocks.14.mlp.fc1.weight_quantizer                        TensorQuantizer(disabled)
aggregator.patch_embed.blocks.14.mlp.fc2.input_quantizer                         TensorQuantizer(disabled)
aggregator.patch_embed.blocks.14.mlp.fc2.output_quantizer                        TensorQuantizer(disabled)
aggregator.patch_embed.blocks.14.mlp.fc2.weight_quantizer                        TensorQuantizer(disabled)
aggregator.patch_embed.blocks.15.norm1.input_quantizer                           TensorQuantizer(disabled)
aggregator.patch_embed.blocks.15.norm1.output_quantizer                          TensorQuantizer(disabled)
aggregator.patch_embed.blocks.15.attn.qkv.input_quantizer                        TensorQuantizer(disabled)
aggregator.patch_embed.blocks.15.attn.qkv.output_quantizer                       TensorQuantizer(disabled)
aggregator.patch_embed.blocks.15.attn.qkv.weight_quantizer                       TensorQuantizer(disabled)
aggregator.patch_embed.blocks.15.attn.proj.input_quantizer                       TensorQuantizer(disabled)
aggregator.patch_embed.blocks.15.attn.proj.output_quantizer                      TensorQuantizer(disabled)
aggregator.patch_embed.blocks.15.attn.proj.weight_quantizer                      TensorQuantizer(disabled)
aggregator.patch_embed.blocks.15.norm2.input_quantizer                           TensorQuantizer(disabled)
aggregator.patch_embed.blocks.15.norm2.output_quantizer                          TensorQuantizer(disabled)
aggregator.patch_embed.blocks.15.mlp.fc1.input_quantizer                         TensorQuantizer(disabled)
aggregator.patch_embed.blocks.15.mlp.fc1.output_quantizer                        TensorQuantizer(disabled)
aggregator.patch_embed.blocks.15.mlp.fc1.weight_quantizer                        TensorQuantizer(disabled)
aggregator.patch_embed.blocks.15.mlp.fc2.input_quantizer                         TensorQuantizer(disabled)
aggregator.patch_embed.blocks.15.mlp.fc2.output_quantizer                        TensorQuantizer(disabled)
aggregator.patch_embed.blocks.15.mlp.fc2.weight_quantizer                        TensorQuantizer(disabled)
aggregator.patch_embed.blocks.16.norm1.input_quantizer                           TensorQuantizer(disabled)
aggregator.patch_embed.blocks.16.norm1.output_quantizer                          TensorQuantizer(disabled)
aggregator.patch_embed.blocks.16.attn.qkv.input_quantizer                        TensorQuantizer(disabled)
aggregator.patch_embed.blocks.16.attn.qkv.output_quantizer                       TensorQuantizer(disabled)
aggregator.patch_embed.blocks.16.attn.qkv.weight_quantizer                       TensorQuantizer(disabled)
aggregator.patch_embed.blocks.16.attn.proj.input_quantizer                       TensorQuantizer(disabled)
aggregator.patch_embed.blocks.16.attn.proj.output_quantizer                      TensorQuantizer(disabled)
aggregator.patch_embed.blocks.16.attn.proj.weight_quantizer                      TensorQuantizer(disabled)
aggregator.patch_embed.blocks.16.norm2.input_quantizer                           TensorQuantizer(disabled)
aggregator.patch_embed.blocks.16.norm2.output_quantizer                          TensorQuantizer(disabled)
aggregator.patch_embed.blocks.16.mlp.fc1.input_quantizer                         TensorQuantizer(disabled)
aggregator.patch_embed.blocks.16.mlp.fc1.output_quantizer                        TensorQuantizer(disabled)
aggregator.patch_embed.blocks.16.mlp.fc1.weight_quantizer                        TensorQuantizer(disabled)
aggregator.patch_embed.blocks.16.mlp.fc2.input_quantizer                         TensorQuantizer(disabled)
aggregator.patch_embed.blocks.16.mlp.fc2.output_quantizer                        TensorQuantizer(disabled)
aggregator.patch_embed.blocks.16.mlp.fc2.weight_quantizer                        TensorQuantizer(disabled)
aggregator.patch_embed.blocks.17.norm1.input_quantizer                           TensorQuantizer(disabled)
aggregator.patch_embed.blocks.17.norm1.output_quantizer                          TensorQuantizer(disabled)
aggregator.patch_embed.blocks.17.attn.qkv.input_quantizer                        TensorQuantizer(disabled)
aggregator.patch_embed.blocks.17.attn.qkv.output_quantizer                       TensorQuantizer(disabled)
aggregator.patch_embed.blocks.17.attn.qkv.weight_quantizer                       TensorQuantizer(disabled)
aggregator.patch_embed.blocks.17.attn.proj.input_quantizer                       TensorQuantizer(disabled)
aggregator.patch_embed.blocks.17.attn.proj.output_quantizer                      TensorQuantizer(disabled)
aggregator.patch_embed.blocks.17.attn.proj.weight_quantizer                      TensorQuantizer(disabled)
aggregator.patch_embed.blocks.17.norm2.input_quantizer                           TensorQuantizer(disabled)
aggregator.patch_embed.blocks.17.norm2.output_quantizer                          TensorQuantizer(disabled)
aggregator.patch_embed.blocks.17.mlp.fc1.input_quantizer                         TensorQuantizer(disabled)
aggregator.patch_embed.blocks.17.mlp.fc1.output_quantizer                        TensorQuantizer(disabled)
aggregator.patch_embed.blocks.17.mlp.fc1.weight_quantizer                        TensorQuantizer(disabled)
aggregator.patch_embed.blocks.17.mlp.fc2.input_quantizer                         TensorQuantizer(disabled)
aggregator.patch_embed.blocks.17.mlp.fc2.output_quantizer                        TensorQuantizer(disabled)
aggregator.patch_embed.blocks.17.mlp.fc2.weight_quantizer                        TensorQuantizer(disabled)
aggregator.patch_embed.blocks.18.norm1.input_quantizer                           TensorQuantizer(disabled)
aggregator.patch_embed.blocks.18.norm1.output_quantizer                          TensorQuantizer(disabled)
aggregator.patch_embed.blocks.18.attn.qkv.input_quantizer                        TensorQuantizer(disabled)
aggregator.patch_embed.blocks.18.attn.qkv.output_quantizer                       TensorQuantizer(disabled)
aggregator.patch_embed.blocks.18.attn.qkv.weight_quantizer                       TensorQuantizer(disabled)
aggregator.patch_embed.blocks.18.attn.proj.input_quantizer                       TensorQuantizer(disabled)
aggregator.patch_embed.blocks.18.attn.proj.output_quantizer                      TensorQuantizer(disabled)
aggregator.patch_embed.blocks.18.attn.proj.weight_quantizer                      TensorQuantizer(disabled)
aggregator.patch_embed.blocks.18.norm2.input_quantizer                           TensorQuantizer(disabled)
aggregator.patch_embed.blocks.18.norm2.output_quantizer                          TensorQuantizer(disabled)
aggregator.patch_embed.blocks.18.mlp.fc1.input_quantizer                         TensorQuantizer(disabled)
aggregator.patch_embed.blocks.18.mlp.fc1.output_quantizer                        TensorQuantizer(disabled)
aggregator.patch_embed.blocks.18.mlp.fc1.weight_quantizer                        TensorQuantizer(disabled)
aggregator.patch_embed.blocks.18.mlp.fc2.input_quantizer                         TensorQuantizer(disabled)
aggregator.patch_embed.blocks.18.mlp.fc2.output_quantizer                        TensorQuantizer(disabled)
aggregator.patch_embed.blocks.18.mlp.fc2.weight_quantizer                        TensorQuantizer(disabled)
aggregator.patch_embed.blocks.19.norm1.input_quantizer                           TensorQuantizer(disabled)
aggregator.patch_embed.blocks.19.norm1.output_quantizer                          TensorQuantizer(disabled)
aggregator.patch_embed.blocks.19.attn.qkv.input_quantizer                        TensorQuantizer(disabled)
aggregator.patch_embed.blocks.19.attn.qkv.output_quantizer                       TensorQuantizer(disabled)
aggregator.patch_embed.blocks.19.attn.qkv.weight_quantizer                       TensorQuantizer(disabled)
aggregator.patch_embed.blocks.19.attn.proj.input_quantizer                       TensorQuantizer(disabled)
aggregator.patch_embed.blocks.19.attn.proj.output_quantizer                      TensorQuantizer(disabled)
aggregator.patch_embed.blocks.19.attn.proj.weight_quantizer                      TensorQuantizer(disabled)
aggregator.patch_embed.blocks.19.norm2.input_quantizer                           TensorQuantizer(disabled)
aggregator.patch_embed.blocks.19.norm2.output_quantizer                          TensorQuantizer(disabled)
aggregator.patch_embed.blocks.19.mlp.fc1.input_quantizer                         TensorQuantizer(disabled)
aggregator.patch_embed.blocks.19.mlp.fc1.output_quantizer                        TensorQuantizer(disabled)
aggregator.patch_embed.blocks.19.mlp.fc1.weight_quantizer                        TensorQuantizer(disabled)
aggregator.patch_embed.blocks.19.mlp.fc2.input_quantizer                         TensorQuantizer(disabled)
aggregator.patch_embed.blocks.19.mlp.fc2.output_quantizer                        TensorQuantizer(disabled)
aggregator.patch_embed.blocks.19.mlp.fc2.weight_quantizer                        TensorQuantizer(disabled)
aggregator.patch_embed.blocks.20.norm1.input_quantizer                           TensorQuantizer(disabled)
aggregator.patch_embed.blocks.20.norm1.output_quantizer                          TensorQuantizer(disabled)
aggregator.patch_embed.blocks.20.attn.qkv.input_quantizer                        TensorQuantizer(disabled)
aggregator.patch_embed.blocks.20.attn.qkv.output_quantizer                       TensorQuantizer(disabled)
aggregator.patch_embed.blocks.20.attn.qkv.weight_quantizer                       TensorQuantizer(disabled)
aggregator.patch_embed.blocks.20.attn.proj.input_quantizer                       TensorQuantizer(disabled)
aggregator.patch_embed.blocks.20.attn.proj.output_quantizer                      TensorQuantizer(disabled)
aggregator.patch_embed.blocks.20.attn.proj.weight_quantizer                      TensorQuantizer(disabled)
aggregator.patch_embed.blocks.20.norm2.input_quantizer                           TensorQuantizer(disabled)
aggregator.patch_embed.blocks.20.norm2.output_quantizer                          TensorQuantizer(disabled)
aggregator.patch_embed.blocks.20.mlp.fc1.input_quantizer                         TensorQuantizer(disabled)
aggregator.patch_embed.blocks.20.mlp.fc1.output_quantizer                        TensorQuantizer(disabled)
aggregator.patch_embed.blocks.20.mlp.fc1.weight_quantizer                        TensorQuantizer(disabled)
aggregator.patch_embed.blocks.20.mlp.fc2.input_quantizer                         TensorQuantizer(disabled)
aggregator.patch_embed.blocks.20.mlp.fc2.output_quantizer                        TensorQuantizer(disabled)
aggregator.patch_embed.blocks.20.mlp.fc2.weight_quantizer                        TensorQuantizer(disabled)
aggregator.patch_embed.blocks.21.norm1.input_quantizer                           TensorQuantizer(disabled)
aggregator.patch_embed.blocks.21.norm1.output_quantizer                          TensorQuantizer(disabled)
aggregator.patch_embed.blocks.21.attn.qkv.input_quantizer                        TensorQuantizer(disabled)
aggregator.patch_embed.blocks.21.attn.qkv.output_quantizer                       TensorQuantizer(disabled)
aggregator.patch_embed.blocks.21.attn.qkv.weight_quantizer                       TensorQuantizer(disabled)
aggregator.patch_embed.blocks.21.attn.proj.input_quantizer                       TensorQuantizer(disabled)
aggregator.patch_embed.blocks.21.attn.proj.output_quantizer                      TensorQuantizer(disabled)
aggregator.patch_embed.blocks.21.attn.proj.weight_quantizer                      TensorQuantizer(disabled)
aggregator.patch_embed.blocks.21.norm2.input_quantizer                           TensorQuantizer(disabled)
aggregator.patch_embed.blocks.21.norm2.output_quantizer                          TensorQuantizer(disabled)
aggregator.patch_embed.blocks.21.mlp.fc1.input_quantizer                         TensorQuantizer(disabled)
aggregator.patch_embed.blocks.21.mlp.fc1.output_quantizer                        TensorQuantizer(disabled)
aggregator.patch_embed.blocks.21.mlp.fc1.weight_quantizer                        TensorQuantizer(disabled)
aggregator.patch_embed.blocks.21.mlp.fc2.input_quantizer                         TensorQuantizer(disabled)
aggregator.patch_embed.blocks.21.mlp.fc2.output_quantizer                        TensorQuantizer(disabled)
aggregator.patch_embed.blocks.21.mlp.fc2.weight_quantizer                        TensorQuantizer(disabled)
aggregator.patch_embed.blocks.22.norm1.input_quantizer                           TensorQuantizer(disabled)
aggregator.patch_embed.blocks.22.norm1.output_quantizer                          TensorQuantizer(disabled)
aggregator.patch_embed.blocks.22.attn.qkv.input_quantizer                        TensorQuantizer(disabled)
aggregator.patch_embed.blocks.22.attn.qkv.output_quantizer                       TensorQuantizer(disabled)
aggregator.patch_embed.blocks.22.attn.qkv.weight_quantizer                       TensorQuantizer(disabled)
aggregator.patch_embed.blocks.22.attn.proj.input_quantizer                       TensorQuantizer(disabled)
aggregator.patch_embed.blocks.22.attn.proj.output_quantizer                      TensorQuantizer(disabled)
aggregator.patch_embed.blocks.22.attn.proj.weight_quantizer                      TensorQuantizer(disabled)
aggregator.patch_embed.blocks.22.norm2.input_quantizer                           TensorQuantizer(disabled)
aggregator.patch_embed.blocks.22.norm2.output_quantizer                          TensorQuantizer(disabled)
aggregator.patch_embed.blocks.22.mlp.fc1.input_quantizer                         TensorQuantizer(disabled)
aggregator.patch_embed.blocks.22.mlp.fc1.output_quantizer                        TensorQuantizer(disabled)
aggregator.patch_embed.blocks.22.mlp.fc1.weight_quantizer                        TensorQuantizer(disabled)
aggregator.patch_embed.blocks.22.mlp.fc2.input_quantizer                         TensorQuantizer(disabled)
aggregator.patch_embed.blocks.22.mlp.fc2.output_quantizer                        TensorQuantizer(disabled)
aggregator.patch_embed.blocks.22.mlp.fc2.weight_quantizer                        TensorQuantizer(disabled)
aggregator.patch_embed.blocks.23.norm1.input_quantizer                           TensorQuantizer(disabled)
aggregator.patch_embed.blocks.23.norm1.output_quantizer                          TensorQuantizer(disabled)
aggregator.patch_embed.blocks.23.attn.qkv.input_quantizer                        TensorQuantizer(disabled)
aggregator.patch_embed.blocks.23.attn.qkv.output_quantizer                       TensorQuantizer(disabled)
aggregator.patch_embed.blocks.23.attn.qkv.weight_quantizer                       TensorQuantizer(disabled)
aggregator.patch_embed.blocks.23.attn.proj.input_quantizer                       TensorQuantizer(disabled)
aggregator.patch_embed.blocks.23.attn.proj.output_quantizer                      TensorQuantizer(disabled)
aggregator.patch_embed.blocks.23.attn.proj.weight_quantizer                      TensorQuantizer(disabled)
aggregator.patch_embed.blocks.23.norm2.input_quantizer                           TensorQuantizer(disabled)
aggregator.patch_embed.blocks.23.norm2.output_quantizer                          TensorQuantizer(disabled)
aggregator.patch_embed.blocks.23.mlp.fc1.input_quantizer                         TensorQuantizer(disabled)
aggregator.patch_embed.blocks.23.mlp.fc1.output_quantizer                        TensorQuantizer(disabled)
aggregator.patch_embed.blocks.23.mlp.fc1.weight_quantizer                        TensorQuantizer(disabled)
aggregator.patch_embed.blocks.23.mlp.fc2.input_quantizer                         TensorQuantizer(disabled)
aggregator.patch_embed.blocks.23.mlp.fc2.output_quantizer                        TensorQuantizer(disabled)
aggregator.patch_embed.blocks.23.mlp.fc2.weight_quantizer                        TensorQuantizer(disabled)
aggregator.patch_embed.norm.input_quantizer                                      TensorQuantizer(disabled)
aggregator.patch_embed.norm.output_quantizer                                     TensorQuantizer(disabled)
aggregator.frame_blocks.0.norm1.input_quantizer                                  TensorQuantizer(disabled)
aggregator.frame_blocks.0.norm1.output_quantizer                                 TensorQuantizer(disabled)
aggregator.frame_blocks.0.attn.qkv.input_quantizer                               TensorQuantizer(disabled)
aggregator.frame_blocks.0.attn.qkv.output_quantizer                              TensorQuantizer(disabled)
aggregator.frame_blocks.0.attn.qkv.weight_quantizer                              TensorQuantizer(disabled)
aggregator.frame_blocks.0.attn.q_norm.input_quantizer                            TensorQuantizer(disabled)
aggregator.frame_blocks.0.attn.q_norm.output_quantizer                           TensorQuantizer(disabled)
aggregator.frame_blocks.0.attn.k_norm.input_quantizer                            TensorQuantizer(disabled)
aggregator.frame_blocks.0.attn.k_norm.output_quantizer                           TensorQuantizer(disabled)
aggregator.frame_blocks.0.attn.proj.input_quantizer                              TensorQuantizer(disabled)
aggregator.frame_blocks.0.attn.proj.output_quantizer                             TensorQuantizer(disabled)
aggregator.frame_blocks.0.attn.proj.weight_quantizer                             TensorQuantizer(disabled)
aggregator.frame_blocks.0.norm2.input_quantizer                                  TensorQuantizer(disabled)
aggregator.frame_blocks.0.norm2.output_quantizer                                 TensorQuantizer(disabled)
aggregator.frame_blocks.0.mlp.fc1.input_quantizer                                TensorQuantizer(disabled)
aggregator.frame_blocks.0.mlp.fc1.output_quantizer                               TensorQuantizer(disabled)
aggregator.frame_blocks.0.mlp.fc1.weight_quantizer                               TensorQuantizer(disabled)
aggregator.frame_blocks.0.mlp.fc2.input_quantizer                                TensorQuantizer(disabled)
aggregator.frame_blocks.0.mlp.fc2.output_quantizer                               TensorQuantizer(disabled)
aggregator.frame_blocks.0.mlp.fc2.weight_quantizer                               TensorQuantizer(disabled)
aggregator.frame_blocks.1.norm1.input_quantizer                                  TensorQuantizer(disabled)
aggregator.frame_blocks.1.norm1.output_quantizer                                 TensorQuantizer(disabled)
aggregator.frame_blocks.1.attn.qkv.input_quantizer                               TensorQuantizer(disabled)
aggregator.frame_blocks.1.attn.qkv.output_quantizer                              TensorQuantizer(disabled)
aggregator.frame_blocks.1.attn.qkv.weight_quantizer                              TensorQuantizer(disabled)
aggregator.frame_blocks.1.attn.q_norm.input_quantizer                            TensorQuantizer(disabled)
aggregator.frame_blocks.1.attn.q_norm.output_quantizer                           TensorQuantizer(disabled)
aggregator.frame_blocks.1.attn.k_norm.input_quantizer                            TensorQuantizer(disabled)
aggregator.frame_blocks.1.attn.k_norm.output_quantizer                           TensorQuantizer(disabled)
aggregator.frame_blocks.1.attn.proj.input_quantizer                              TensorQuantizer(disabled)
aggregator.frame_blocks.1.attn.proj.output_quantizer                             TensorQuantizer(disabled)
aggregator.frame_blocks.1.attn.proj.weight_quantizer                             TensorQuantizer(disabled)
aggregator.frame_blocks.1.norm2.input_quantizer                                  TensorQuantizer(disabled)
aggregator.frame_blocks.1.norm2.output_quantizer                                 TensorQuantizer(disabled)
aggregator.frame_blocks.1.mlp.fc1.input_quantizer                                TensorQuantizer(disabled)
aggregator.frame_blocks.1.mlp.fc1.output_quantizer                               TensorQuantizer(disabled)
aggregator.frame_blocks.1.mlp.fc1.weight_quantizer                               TensorQuantizer(disabled)
aggregator.frame_blocks.1.mlp.fc2.input_quantizer                                TensorQuantizer(disabled)
aggregator.frame_blocks.1.mlp.fc2.output_quantizer                               TensorQuantizer(disabled)
aggregator.frame_blocks.1.mlp.fc2.weight_quantizer                               TensorQuantizer(disabled)
aggregator.frame_blocks.2.norm1.input_quantizer                                  TensorQuantizer(disabled)
aggregator.frame_blocks.2.norm1.output_quantizer                                 TensorQuantizer(disabled)
aggregator.frame_blocks.2.attn.qkv.input_quantizer                               TensorQuantizer(disabled)
aggregator.frame_blocks.2.attn.qkv.output_quantizer                              TensorQuantizer(disabled)
aggregator.frame_blocks.2.attn.qkv.weight_quantizer                              TensorQuantizer(disabled)
aggregator.frame_blocks.2.attn.q_norm.input_quantizer                            TensorQuantizer(disabled)
aggregator.frame_blocks.2.attn.q_norm.output_quantizer                           TensorQuantizer(disabled)
aggregator.frame_blocks.2.attn.k_norm.input_quantizer                            TensorQuantizer(disabled)
aggregator.frame_blocks.2.attn.k_norm.output_quantizer                           TensorQuantizer(disabled)
aggregator.frame_blocks.2.attn.proj.input_quantizer                              TensorQuantizer(disabled)
aggregator.frame_blocks.2.attn.proj.output_quantizer                             TensorQuantizer(disabled)
aggregator.frame_blocks.2.attn.proj.weight_quantizer                             TensorQuantizer(disabled)
aggregator.frame_blocks.2.norm2.input_quantizer                                  TensorQuantizer(disabled)
aggregator.frame_blocks.2.norm2.output_quantizer                                 TensorQuantizer(disabled)
aggregator.frame_blocks.2.mlp.fc1.input_quantizer                                TensorQuantizer(disabled)
aggregator.frame_blocks.2.mlp.fc1.output_quantizer                               TensorQuantizer(disabled)
aggregator.frame_blocks.2.mlp.fc1.weight_quantizer                               TensorQuantizer(disabled)
aggregator.frame_blocks.2.mlp.fc2.input_quantizer                                TensorQuantizer(disabled)
aggregator.frame_blocks.2.mlp.fc2.output_quantizer                               TensorQuantizer(disabled)
aggregator.frame_blocks.2.mlp.fc2.weight_quantizer                               TensorQuantizer(disabled)
aggregator.frame_blocks.3.norm1.input_quantizer                                  TensorQuantizer(disabled)
aggregator.frame_blocks.3.norm1.output_quantizer                                 TensorQuantizer(disabled)
aggregator.frame_blocks.3.attn.qkv.input_quantizer                               TensorQuantizer(disabled)
aggregator.frame_blocks.3.attn.qkv.output_quantizer                              TensorQuantizer(disabled)
aggregator.frame_blocks.3.attn.qkv.weight_quantizer                              TensorQuantizer(disabled)
aggregator.frame_blocks.3.attn.q_norm.input_quantizer                            TensorQuantizer(disabled)
aggregator.frame_blocks.3.attn.q_norm.output_quantizer                           TensorQuantizer(disabled)
aggregator.frame_blocks.3.attn.k_norm.input_quantizer                            TensorQuantizer(disabled)
aggregator.frame_blocks.3.attn.k_norm.output_quantizer                           TensorQuantizer(disabled)
aggregator.frame_blocks.3.attn.proj.input_quantizer                              TensorQuantizer(disabled)
aggregator.frame_blocks.3.attn.proj.output_quantizer                             TensorQuantizer(disabled)
aggregator.frame_blocks.3.attn.proj.weight_quantizer                             TensorQuantizer(disabled)
aggregator.frame_blocks.3.norm2.input_quantizer                                  TensorQuantizer(disabled)
aggregator.frame_blocks.3.norm2.output_quantizer                                 TensorQuantizer(disabled)
aggregator.frame_blocks.3.mlp.fc1.input_quantizer                                TensorQuantizer(disabled)
aggregator.frame_blocks.3.mlp.fc1.output_quantizer                               TensorQuantizer(disabled)
aggregator.frame_blocks.3.mlp.fc1.weight_quantizer                               TensorQuantizer(disabled)
aggregator.frame_blocks.3.mlp.fc2.input_quantizer                                TensorQuantizer(disabled)
aggregator.frame_blocks.3.mlp.fc2.output_quantizer                               TensorQuantizer(disabled)
aggregator.frame_blocks.3.mlp.fc2.weight_quantizer                               TensorQuantizer(disabled)
aggregator.frame_blocks.4.norm1.input_quantizer                                  TensorQuantizer(disabled)
aggregator.frame_blocks.4.norm1.output_quantizer                                 TensorQuantizer(disabled)
aggregator.frame_blocks.4.attn.qkv.input_quantizer                               TensorQuantizer(disabled)
aggregator.frame_blocks.4.attn.qkv.output_quantizer                              TensorQuantizer(disabled)
aggregator.frame_blocks.4.attn.qkv.weight_quantizer                              TensorQuantizer(disabled)
aggregator.frame_blocks.4.attn.q_norm.input_quantizer                            TensorQuantizer(disabled)
aggregator.frame_blocks.4.attn.q_norm.output_quantizer                           TensorQuantizer(disabled)
aggregator.frame_blocks.4.attn.k_norm.input_quantizer                            TensorQuantizer(disabled)
aggregator.frame_blocks.4.attn.k_norm.output_quantizer                           TensorQuantizer(disabled)
aggregator.frame_blocks.4.attn.proj.input_quantizer                              TensorQuantizer(disabled)
aggregator.frame_blocks.4.attn.proj.output_quantizer                             TensorQuantizer(disabled)
aggregator.frame_blocks.4.attn.proj.weight_quantizer                             TensorQuantizer(disabled)
aggregator.frame_blocks.4.norm2.input_quantizer                                  TensorQuantizer(disabled)
aggregator.frame_blocks.4.norm2.output_quantizer                                 TensorQuantizer(disabled)
aggregator.frame_blocks.4.mlp.fc1.input_quantizer                                TensorQuantizer(disabled)
aggregator.frame_blocks.4.mlp.fc1.output_quantizer                               TensorQuantizer(disabled)
aggregator.frame_blocks.4.mlp.fc1.weight_quantizer                               TensorQuantizer(disabled)
aggregator.frame_blocks.4.mlp.fc2.input_quantizer                                TensorQuantizer(disabled)
aggregator.frame_blocks.4.mlp.fc2.output_quantizer                               TensorQuantizer(disabled)
aggregator.frame_blocks.4.mlp.fc2.weight_quantizer                               TensorQuantizer(disabled)
aggregator.frame_blocks.5.norm1.input_quantizer                                  TensorQuantizer(disabled)
aggregator.frame_blocks.5.norm1.output_quantizer                                 TensorQuantizer(disabled)
aggregator.frame_blocks.5.attn.qkv.input_quantizer                               TensorQuantizer(disabled)
aggregator.frame_blocks.5.attn.qkv.output_quantizer                              TensorQuantizer(disabled)
aggregator.frame_blocks.5.attn.qkv.weight_quantizer                              TensorQuantizer(disabled)
aggregator.frame_blocks.5.attn.q_norm.input_quantizer                            TensorQuantizer(disabled)
aggregator.frame_blocks.5.attn.q_norm.output_quantizer                           TensorQuantizer(disabled)
aggregator.frame_blocks.5.attn.k_norm.input_quantizer                            TensorQuantizer(disabled)
aggregator.frame_blocks.5.attn.k_norm.output_quantizer                           TensorQuantizer(disabled)
aggregator.frame_blocks.5.attn.proj.input_quantizer                              TensorQuantizer(disabled)
aggregator.frame_blocks.5.attn.proj.output_quantizer                             TensorQuantizer(disabled)
aggregator.frame_blocks.5.attn.proj.weight_quantizer                             TensorQuantizer(disabled)
aggregator.frame_blocks.5.norm2.input_quantizer                                  TensorQuantizer(disabled)
aggregator.frame_blocks.5.norm2.output_quantizer                                 TensorQuantizer(disabled)
aggregator.frame_blocks.5.mlp.fc1.input_quantizer                                TensorQuantizer(disabled)
aggregator.frame_blocks.5.mlp.fc1.output_quantizer                               TensorQuantizer(disabled)
aggregator.frame_blocks.5.mlp.fc1.weight_quantizer                               TensorQuantizer(disabled)
aggregator.frame_blocks.5.mlp.fc2.input_quantizer                                TensorQuantizer(disabled)
aggregator.frame_blocks.5.mlp.fc2.output_quantizer                               TensorQuantizer(disabled)
aggregator.frame_blocks.5.mlp.fc2.weight_quantizer                               TensorQuantizer(disabled)
aggregator.frame_blocks.6.norm1.input_quantizer                                  TensorQuantizer(8 bit fake per-tensor amax=5.3290 calibrator=MaxCalibrator quant)
aggregator.frame_blocks.6.norm1.output_quantizer                                 TensorQuantizer(disabled)
aggregator.frame_blocks.6.attn.qkv.input_quantizer                               TensorQuantizer(8 bit fake per-tensor amax=4.7510 calibrator=MaxCalibrator quant)
aggregator.frame_blocks.6.attn.qkv.output_quantizer                              TensorQuantizer(disabled)
aggregator.frame_blocks.6.attn.qkv.weight_quantizer                              TensorQuantizer(8 bit fake axis=0 amax=[0.0818, 0.2811](3072) calibrator=MaxCalibrator quant)
aggregator.frame_blocks.6.attn.q_norm.input_quantizer                            TensorQuantizer(8 bit fake per-tensor amax=2.4292 calibrator=MaxCalibrator quant)
aggregator.frame_blocks.6.attn.q_norm.output_quantizer                           TensorQuantizer(disabled)
aggregator.frame_blocks.6.attn.k_norm.input_quantizer                            TensorQuantizer(8 bit fake per-tensor amax=3.2499 calibrator=MaxCalibrator quant)
aggregator.frame_blocks.6.attn.k_norm.output_quantizer                           TensorQuantizer(disabled)
aggregator.frame_blocks.6.attn.proj.input_quantizer                              TensorQuantizer(8 bit fake per-tensor amax=0.7952 calibrator=MaxCalibrator quant)
aggregator.frame_blocks.6.attn.proj.output_quantizer                             TensorQuantizer(disabled)
aggregator.frame_blocks.6.attn.proj.weight_quantizer                             TensorQuantizer(8 bit fake axis=0 amax=[0.0394, 0.2400](1024) calibrator=MaxCalibrator quant)
aggregator.frame_blocks.6.norm2.input_quantizer                                  TensorQuantizer(8 bit fake per-tensor amax=5.3294 calibrator=MaxCalibrator quant)
aggregator.frame_blocks.6.norm2.output_quantizer                                 TensorQuantizer(disabled)
aggregator.frame_blocks.6.mlp.fc1.input_quantizer                                TensorQuantizer(8 bit fake per-tensor amax=15.2200 calibrator=MaxCalibrator quant)
aggregator.frame_blocks.6.mlp.fc1.output_quantizer                               TensorQuantizer(disabled)
aggregator.frame_blocks.6.mlp.fc1.weight_quantizer                               TensorQuantizer(8 bit fake axis=0 amax=[0.0947, 0.2717](4096) calibrator=MaxCalibrator quant)
aggregator.frame_blocks.6.mlp.fc2.input_quantizer                                TensorQuantizer(8 bit fake per-tensor amax=3.8368 calibrator=MaxCalibrator quant)
aggregator.frame_blocks.6.mlp.fc2.output_quantizer                               TensorQuantizer(disabled)
aggregator.frame_blocks.6.mlp.fc2.weight_quantizer                               TensorQuantizer(8 bit fake axis=0 amax=[0.0484, 0.2146](1024) calibrator=MaxCalibrator quant)
aggregator.frame_blocks.7.norm1.input_quantizer                                  TensorQuantizer(8 bit fake per-tensor amax=5.4881 calibrator=MaxCalibrator quant)
aggregator.frame_blocks.7.norm1.output_quantizer                                 TensorQuantizer(disabled)
aggregator.frame_blocks.7.attn.qkv.input_quantizer                               TensorQuantizer(8 bit fake per-tensor amax=11.2482 calibrator=MaxCalibrator quant)
aggregator.frame_blocks.7.attn.qkv.output_quantizer                              TensorQuantizer(disabled)
aggregator.frame_blocks.7.attn.qkv.weight_quantizer                              TensorQuantizer(8 bit fake axis=0 amax=[0.0727, 0.2709](3072) calibrator=MaxCalibrator quant)
aggregator.frame_blocks.7.attn.q_norm.input_quantizer                            TensorQuantizer(8 bit fake per-tensor amax=2.8016 calibrator=MaxCalibrator quant)
aggregator.frame_blocks.7.attn.q_norm.output_quantizer                           TensorQuantizer(disabled)
aggregator.frame_blocks.7.attn.k_norm.input_quantizer                            TensorQuantizer(8 bit fake per-tensor amax=3.7609 calibrator=MaxCalibrator quant)
aggregator.frame_blocks.7.attn.k_norm.output_quantizer                           TensorQuantizer(disabled)
aggregator.frame_blocks.7.attn.proj.input_quantizer                              TensorQuantizer(8 bit fake per-tensor amax=0.9957 calibrator=MaxCalibrator quant)
aggregator.frame_blocks.7.attn.proj.output_quantizer                             TensorQuantizer(disabled)
aggregator.frame_blocks.7.attn.proj.weight_quantizer                             TensorQuantizer(8 bit fake axis=0 amax=[0.0381, 0.2335](1024) calibrator=MaxCalibrator quant)
aggregator.frame_blocks.7.norm2.input_quantizer                                  TensorQuantizer(8 bit fake per-tensor amax=5.4873 calibrator=MaxCalibrator quant)
aggregator.frame_blocks.7.norm2.output_quantizer                                 TensorQuantizer(disabled)
aggregator.frame_blocks.7.mlp.fc1.input_quantizer                                TensorQuantizer(8 bit fake per-tensor amax=16.5542 calibrator=MaxCalibrator quant)
aggregator.frame_blocks.7.mlp.fc1.output_quantizer                               TensorQuantizer(disabled)
aggregator.frame_blocks.7.mlp.fc1.weight_quantizer                               TensorQuantizer(8 bit fake axis=0 amax=[0.0964, 0.3603](4096) calibrator=MaxCalibrator quant)
aggregator.frame_blocks.7.mlp.fc2.input_quantizer                                TensorQuantizer(8 bit fake per-tensor amax=5.0301 calibrator=MaxCalibrator quant)
aggregator.frame_blocks.7.mlp.fc2.output_quantizer                               TensorQuantizer(disabled)
aggregator.frame_blocks.7.mlp.fc2.weight_quantizer                               TensorQuantizer(8 bit fake axis=0 amax=[0.0420, 0.5624](1024) calibrator=MaxCalibrator quant)
aggregator.frame_blocks.8.norm1.input_quantizer                                  TensorQuantizer(8 bit fake per-tensor amax=5.7232 calibrator=MaxCalibrator quant)
aggregator.frame_blocks.8.norm1.output_quantizer                                 TensorQuantizer(disabled)
aggregator.frame_blocks.8.attn.qkv.input_quantizer                               TensorQuantizer(8 bit fake per-tensor amax=18.5941 calibrator=MaxCalibrator quant)
aggregator.frame_blocks.8.attn.qkv.output_quantizer                              TensorQuantizer(disabled)
aggregator.frame_blocks.8.attn.qkv.weight_quantizer                              TensorQuantizer(8 bit fake axis=0 amax=[0.0621, 0.2686](3072) calibrator=MaxCalibrator quant)
aggregator.frame_blocks.8.attn.q_norm.input_quantizer                            TensorQuantizer(8 bit fake per-tensor amax=2.6990 calibrator=MaxCalibrator quant)
aggregator.frame_blocks.8.attn.q_norm.output_quantizer                           TensorQuantizer(disabled)
aggregator.frame_blocks.8.attn.k_norm.input_quantizer                            TensorQuantizer(8 bit fake per-tensor amax=5.2805 calibrator=MaxCalibrator quant)
aggregator.frame_blocks.8.attn.k_norm.output_quantizer                           TensorQuantizer(disabled)
aggregator.frame_blocks.8.attn.proj.input_quantizer                              TensorQuantizer(8 bit fake per-tensor amax=0.8245 calibrator=MaxCalibrator quant)
aggregator.frame_blocks.8.attn.proj.output_quantizer                             TensorQuantizer(disabled)
aggregator.frame_blocks.8.attn.proj.weight_quantizer                             TensorQuantizer(8 bit fake axis=0 amax=[0.0289, 0.1824](1024) calibrator=MaxCalibrator quant)
aggregator.frame_blocks.8.norm2.input_quantizer                                  TensorQuantizer(8 bit fake per-tensor amax=5.7332 calibrator=MaxCalibrator quant)
aggregator.frame_blocks.8.norm2.output_quantizer                                 TensorQuantizer(disabled)
aggregator.frame_blocks.8.mlp.fc1.input_quantizer                                TensorQuantizer(8 bit fake per-tensor amax=19.0276 calibrator=MaxCalibrator quant)
aggregator.frame_blocks.8.mlp.fc1.output_quantizer                               TensorQuantizer(disabled)
aggregator.frame_blocks.8.mlp.fc1.weight_quantizer                               TensorQuantizer(8 bit fake axis=0 amax=[0.0966, 0.2673](4096) calibrator=MaxCalibrator quant)
aggregator.frame_blocks.8.mlp.fc2.input_quantizer                                TensorQuantizer(8 bit fake per-tensor amax=7.9560 calibrator=MaxCalibrator quant)
aggregator.frame_blocks.8.mlp.fc2.output_quantizer                               TensorQuantizer(disabled)
aggregator.frame_blocks.8.mlp.fc2.weight_quantizer                               TensorQuantizer(8 bit fake axis=0 amax=[0.0579, 0.2304](1024) calibrator=MaxCalibrator quant)
aggregator.frame_blocks.9.norm1.input_quantizer                                  TensorQuantizer(8 bit fake per-tensor amax=6.0044 calibrator=MaxCalibrator quant)
aggregator.frame_blocks.9.norm1.output_quantizer                                 TensorQuantizer(disabled)
aggregator.frame_blocks.9.attn.qkv.input_quantizer                               TensorQuantizer(8 bit fake per-tensor amax=3.1668 calibrator=MaxCalibrator quant)
aggregator.frame_blocks.9.attn.qkv.output_quantizer                              TensorQuantizer(disabled)
aggregator.frame_blocks.9.attn.qkv.weight_quantizer                              TensorQuantizer(8 bit fake axis=0 amax=[0.0751, 0.2849](3072) calibrator=MaxCalibrator quant)
aggregator.frame_blocks.9.attn.q_norm.input_quantizer                            TensorQuantizer(8 bit fake per-tensor amax=2.9426 calibrator=MaxCalibrator quant)
aggregator.frame_blocks.9.attn.q_norm.output_quantizer                           TensorQuantizer(disabled)
aggregator.frame_blocks.9.attn.k_norm.input_quantizer                            TensorQuantizer(8 bit fake per-tensor amax=4.2492 calibrator=MaxCalibrator quant)
aggregator.frame_blocks.9.attn.k_norm.output_quantizer                           TensorQuantizer(disabled)
aggregator.frame_blocks.9.attn.proj.input_quantizer                              TensorQuantizer(8 bit fake per-tensor amax=1.0943 calibrator=MaxCalibrator quant)
aggregator.frame_blocks.9.attn.proj.output_quantizer                             TensorQuantizer(disabled)
aggregator.frame_blocks.9.attn.proj.weight_quantizer                             TensorQuantizer(8 bit fake axis=0 amax=[0.0605, 0.1877](1024) calibrator=MaxCalibrator quant)
aggregator.frame_blocks.9.norm2.input_quantizer                                  TensorQuantizer(8 bit fake per-tensor amax=6.0146 calibrator=MaxCalibrator quant)
aggregator.frame_blocks.9.norm2.output_quantizer                                 TensorQuantizer(disabled)
aggregator.frame_blocks.9.mlp.fc1.input_quantizer                                TensorQuantizer(8 bit fake per-tensor amax=19.4885 calibrator=MaxCalibrator quant)
aggregator.frame_blocks.9.mlp.fc1.output_quantizer                               TensorQuantizer(disabled)
aggregator.frame_blocks.9.mlp.fc1.weight_quantizer                               TensorQuantizer(8 bit fake axis=0 amax=[0.0908, 0.3566](4096) calibrator=MaxCalibrator quant)
aggregator.frame_blocks.9.mlp.fc2.input_quantizer                                TensorQuantizer(8 bit fake per-tensor amax=3.4497 calibrator=MaxCalibrator quant)
aggregator.frame_blocks.9.mlp.fc2.output_quantizer                               TensorQuantizer(disabled)
aggregator.frame_blocks.9.mlp.fc2.weight_quantizer                               TensorQuantizer(8 bit fake axis=0 amax=[0.0445, 0.3030](1024) calibrator=MaxCalibrator quant)
aggregator.frame_blocks.10.norm1.input_quantizer                                 TensorQuantizer(8 bit fake per-tensor amax=6.1543 calibrator=MaxCalibrator quant)
aggregator.frame_blocks.10.norm1.output_quantizer                                TensorQuantizer(disabled)
aggregator.frame_blocks.10.attn.qkv.input_quantizer                              TensorQuantizer(8 bit fake per-tensor amax=4.1010 calibrator=MaxCalibrator quant)
aggregator.frame_blocks.10.attn.qkv.output_quantizer                             TensorQuantizer(disabled)
aggregator.frame_blocks.10.attn.qkv.weight_quantizer                             TensorQuantizer(8 bit fake axis=0 amax=[0.0583, 0.2780](3072) calibrator=MaxCalibrator quant)
aggregator.frame_blocks.10.attn.q_norm.input_quantizer                           TensorQuantizer(8 bit fake per-tensor amax=4.3616 calibrator=MaxCalibrator quant)
aggregator.frame_blocks.10.attn.q_norm.output_quantizer                          TensorQuantizer(disabled)
aggregator.frame_blocks.10.attn.k_norm.input_quantizer                           TensorQuantizer(8 bit fake per-tensor amax=4.3952 calibrator=MaxCalibrator quant)
aggregator.frame_blocks.10.attn.k_norm.output_quantizer                          TensorQuantizer(disabled)
aggregator.frame_blocks.10.attn.proj.input_quantizer                             TensorQuantizer(8 bit fake per-tensor amax=2.0215 calibrator=MaxCalibrator quant)
aggregator.frame_blocks.10.attn.proj.output_quantizer                            TensorQuantizer(disabled)
aggregator.frame_blocks.10.attn.proj.weight_quantizer                            TensorQuantizer(8 bit fake axis=0 amax=[0.0645, 0.2397](1024) calibrator=MaxCalibrator quant)
aggregator.frame_blocks.10.norm2.input_quantizer                                 TensorQuantizer(8 bit fake per-tensor amax=6.1827 calibrator=MaxCalibrator quant)
aggregator.frame_blocks.10.norm2.output_quantizer                                TensorQuantizer(disabled)
aggregator.frame_blocks.10.mlp.fc1.input_quantizer                               TensorQuantizer(8 bit fake per-tensor amax=20.2825 calibrator=MaxCalibrator quant)
aggregator.frame_blocks.10.mlp.fc1.output_quantizer                              TensorQuantizer(disabled)
aggregator.frame_blocks.10.mlp.fc1.weight_quantizer                              TensorQuantizer(8 bit fake axis=0 amax=[0.0886, 0.4008](4096) calibrator=MaxCalibrator quant)
aggregator.frame_blocks.10.mlp.fc2.input_quantizer                               TensorQuantizer(8 bit fake per-tensor amax=14.0130 calibrator=MaxCalibrator quant)
aggregator.frame_blocks.10.mlp.fc2.output_quantizer                              TensorQuantizer(disabled)
aggregator.frame_blocks.10.mlp.fc2.weight_quantizer                              TensorQuantizer(8 bit fake axis=0 amax=[0.0743, 0.2918](1024) calibrator=MaxCalibrator quant)
aggregator.frame_blocks.11.norm1.input_quantizer                                 TensorQuantizer(8 bit fake per-tensor amax=7.2032 calibrator=MaxCalibrator quant)
aggregator.frame_blocks.11.norm1.output_quantizer                                TensorQuantizer(disabled)
aggregator.frame_blocks.11.attn.qkv.input_quantizer                              TensorQuantizer(8 bit fake per-tensor amax=3.9639 calibrator=MaxCalibrator quant)
aggregator.frame_blocks.11.attn.qkv.output_quantizer                             TensorQuantizer(disabled)
aggregator.frame_blocks.11.attn.qkv.weight_quantizer                             TensorQuantizer(8 bit fake axis=0 amax=[0.0571, 0.2974](3072) calibrator=MaxCalibrator quant)
aggregator.frame_blocks.11.attn.q_norm.input_quantizer                           TensorQuantizer(8 bit fake per-tensor amax=3.3546 calibrator=MaxCalibrator quant)
aggregator.frame_blocks.11.attn.q_norm.output_quantizer                          TensorQuantizer(disabled)
aggregator.frame_blocks.11.attn.k_norm.input_quantizer                           TensorQuantizer(8 bit fake per-tensor amax=3.1724 calibrator=MaxCalibrator quant)
aggregator.frame_blocks.11.attn.k_norm.output_quantizer                          TensorQuantizer(disabled)
aggregator.frame_blocks.11.attn.proj.input_quantizer                             TensorQuantizer(8 bit fake per-tensor amax=1.4336 calibrator=MaxCalibrator quant)
aggregator.frame_blocks.11.attn.proj.output_quantizer                            TensorQuantizer(disabled)
aggregator.frame_blocks.11.attn.proj.weight_quantizer                            TensorQuantizer(8 bit fake axis=0 amax=[0.0676, 0.2299](1024) calibrator=MaxCalibrator quant)
aggregator.frame_blocks.11.norm2.input_quantizer                                 TensorQuantizer(8 bit fake per-tensor amax=7.3257 calibrator=MaxCalibrator quant)
aggregator.frame_blocks.11.norm2.output_quantizer                                TensorQuantizer(disabled)
aggregator.frame_blocks.11.mlp.fc1.input_quantizer                               TensorQuantizer(8 bit fake per-tensor amax=16.5991 calibrator=MaxCalibrator quant)
aggregator.frame_blocks.11.mlp.fc1.output_quantizer                              TensorQuantizer(disabled)
aggregator.frame_blocks.11.mlp.fc1.weight_quantizer                              TensorQuantizer(8 bit fake axis=0 amax=[0.0866, 0.4129](4096) calibrator=MaxCalibrator quant)
aggregator.frame_blocks.11.mlp.fc2.input_quantizer                               TensorQuantizer(8 bit fake per-tensor amax=3.6126 calibrator=MaxCalibrator quant)
aggregator.frame_blocks.11.mlp.fc2.output_quantizer                              TensorQuantizer(disabled)
aggregator.frame_blocks.11.mlp.fc2.weight_quantizer                              TensorQuantizer(8 bit fake axis=0 amax=[0.0288, 0.2648](1024) calibrator=MaxCalibrator quant)
aggregator.frame_blocks.12.norm1.input_quantizer                                 TensorQuantizer(disabled)
aggregator.frame_blocks.12.norm1.output_quantizer                                TensorQuantizer(disabled)
aggregator.frame_blocks.12.attn.qkv.input_quantizer                              TensorQuantizer(disabled)
aggregator.frame_blocks.12.attn.qkv.output_quantizer                             TensorQuantizer(disabled)
aggregator.frame_blocks.12.attn.qkv.weight_quantizer                             TensorQuantizer(disabled)
aggregator.frame_blocks.12.attn.q_norm.input_quantizer                           TensorQuantizer(disabled)
aggregator.frame_blocks.12.attn.q_norm.output_quantizer                          TensorQuantizer(disabled)
aggregator.frame_blocks.12.attn.k_norm.input_quantizer                           TensorQuantizer(disabled)
aggregator.frame_blocks.12.attn.k_norm.output_quantizer                          TensorQuantizer(disabled)
aggregator.frame_blocks.12.attn.proj.input_quantizer                             TensorQuantizer(disabled)
aggregator.frame_blocks.12.attn.proj.output_quantizer                            TensorQuantizer(disabled)
aggregator.frame_blocks.12.attn.proj.weight_quantizer                            TensorQuantizer(disabled)
aggregator.frame_blocks.12.norm2.input_quantizer                                 TensorQuantizer(disabled)
aggregator.frame_blocks.12.norm2.output_quantizer                                TensorQuantizer(disabled)
aggregator.frame_blocks.12.mlp.fc1.input_quantizer                               TensorQuantizer(disabled)
aggregator.frame_blocks.12.mlp.fc1.output_quantizer                              TensorQuantizer(disabled)
aggregator.frame_blocks.12.mlp.fc1.weight_quantizer                              TensorQuantizer(disabled)
aggregator.frame_blocks.12.mlp.fc2.input_quantizer                               TensorQuantizer(disabled)
aggregator.frame_blocks.12.mlp.fc2.output_quantizer                              TensorQuantizer(disabled)
aggregator.frame_blocks.12.mlp.fc2.weight_quantizer                              TensorQuantizer(disabled)
aggregator.frame_blocks.13.norm1.input_quantizer                                 TensorQuantizer(disabled)
aggregator.frame_blocks.13.norm1.output_quantizer                                TensorQuantizer(disabled)
aggregator.frame_blocks.13.attn.qkv.input_quantizer                              TensorQuantizer(disabled)
aggregator.frame_blocks.13.attn.qkv.output_quantizer                             TensorQuantizer(disabled)
aggregator.frame_blocks.13.attn.qkv.weight_quantizer                             TensorQuantizer(disabled)
aggregator.frame_blocks.13.attn.q_norm.input_quantizer                           TensorQuantizer(disabled)
aggregator.frame_blocks.13.attn.q_norm.output_quantizer                          TensorQuantizer(disabled)
aggregator.frame_blocks.13.attn.k_norm.input_quantizer                           TensorQuantizer(disabled)
aggregator.frame_blocks.13.attn.k_norm.output_quantizer                          TensorQuantizer(disabled)
aggregator.frame_blocks.13.attn.proj.input_quantizer                             TensorQuantizer(disabled)
aggregator.frame_blocks.13.attn.proj.output_quantizer                            TensorQuantizer(disabled)
aggregator.frame_blocks.13.attn.proj.weight_quantizer                            TensorQuantizer(disabled)
aggregator.frame_blocks.13.norm2.input_quantizer                                 TensorQuantizer(disabled)
aggregator.frame_blocks.13.norm2.output_quantizer                                TensorQuantizer(disabled)
aggregator.frame_blocks.13.mlp.fc1.input_quantizer                               TensorQuantizer(disabled)
aggregator.frame_blocks.13.mlp.fc1.output_quantizer                              TensorQuantizer(disabled)
aggregator.frame_blocks.13.mlp.fc1.weight_quantizer                              TensorQuantizer(disabled)
aggregator.frame_blocks.13.mlp.fc2.input_quantizer                               TensorQuantizer(disabled)
aggregator.frame_blocks.13.mlp.fc2.output_quantizer                              TensorQuantizer(disabled)
aggregator.frame_blocks.13.mlp.fc2.weight_quantizer                              TensorQuantizer(disabled)
aggregator.frame_blocks.14.norm1.input_quantizer                                 TensorQuantizer(disabled)
aggregator.frame_blocks.14.norm1.output_quantizer                                TensorQuantizer(disabled)
aggregator.frame_blocks.14.attn.qkv.input_quantizer                              TensorQuantizer(disabled)
aggregator.frame_blocks.14.attn.qkv.output_quantizer                             TensorQuantizer(disabled)
aggregator.frame_blocks.14.attn.qkv.weight_quantizer                             TensorQuantizer(disabled)
aggregator.frame_blocks.14.attn.q_norm.input_quantizer                           TensorQuantizer(disabled)
aggregator.frame_blocks.14.attn.q_norm.output_quantizer                          TensorQuantizer(disabled)
aggregator.frame_blocks.14.attn.k_norm.input_quantizer                           TensorQuantizer(disabled)
aggregator.frame_blocks.14.attn.k_norm.output_quantizer                          TensorQuantizer(disabled)
aggregator.frame_blocks.14.attn.proj.input_quantizer                             TensorQuantizer(disabled)
aggregator.frame_blocks.14.attn.proj.output_quantizer                            TensorQuantizer(disabled)
aggregator.frame_blocks.14.attn.proj.weight_quantizer                            TensorQuantizer(disabled)
aggregator.frame_blocks.14.norm2.input_quantizer                                 TensorQuantizer(disabled)
aggregator.frame_blocks.14.norm2.output_quantizer                                TensorQuantizer(disabled)
aggregator.frame_blocks.14.mlp.fc1.input_quantizer                               TensorQuantizer(disabled)
aggregator.frame_blocks.14.mlp.fc1.output_quantizer                              TensorQuantizer(disabled)
aggregator.frame_blocks.14.mlp.fc1.weight_quantizer                              TensorQuantizer(disabled)
aggregator.frame_blocks.14.mlp.fc2.input_quantizer                               TensorQuantizer(disabled)
aggregator.frame_blocks.14.mlp.fc2.output_quantizer                              TensorQuantizer(disabled)
aggregator.frame_blocks.14.mlp.fc2.weight_quantizer                              TensorQuantizer(disabled)
aggregator.frame_blocks.15.norm1.input_quantizer                                 TensorQuantizer(disabled)
aggregator.frame_blocks.15.norm1.output_quantizer                                TensorQuantizer(disabled)
aggregator.frame_blocks.15.attn.qkv.input_quantizer                              TensorQuantizer(disabled)
aggregator.frame_blocks.15.attn.qkv.output_quantizer                             TensorQuantizer(disabled)
aggregator.frame_blocks.15.attn.qkv.weight_quantizer                             TensorQuantizer(disabled)
aggregator.frame_blocks.15.attn.q_norm.input_quantizer                           TensorQuantizer(disabled)
aggregator.frame_blocks.15.attn.q_norm.output_quantizer                          TensorQuantizer(disabled)
aggregator.frame_blocks.15.attn.k_norm.input_quantizer                           TensorQuantizer(disabled)
aggregator.frame_blocks.15.attn.k_norm.output_quantizer                          TensorQuantizer(disabled)
aggregator.frame_blocks.15.attn.proj.input_quantizer                             TensorQuantizer(disabled)
aggregator.frame_blocks.15.attn.proj.output_quantizer                            TensorQuantizer(disabled)
aggregator.frame_blocks.15.attn.proj.weight_quantizer                            TensorQuantizer(disabled)
aggregator.frame_blocks.15.norm2.input_quantizer                                 TensorQuantizer(disabled)
aggregator.frame_blocks.15.norm2.output_quantizer                                TensorQuantizer(disabled)
aggregator.frame_blocks.15.mlp.fc1.input_quantizer                               TensorQuantizer(disabled)
aggregator.frame_blocks.15.mlp.fc1.output_quantizer                              TensorQuantizer(disabled)
aggregator.frame_blocks.15.mlp.fc1.weight_quantizer                              TensorQuantizer(disabled)
aggregator.frame_blocks.15.mlp.fc2.input_quantizer                               TensorQuantizer(disabled)
aggregator.frame_blocks.15.mlp.fc2.output_quantizer                              TensorQuantizer(disabled)
aggregator.frame_blocks.15.mlp.fc2.weight_quantizer                              TensorQuantizer(disabled)
aggregator.frame_blocks.16.norm1.input_quantizer                                 TensorQuantizer(disabled)
aggregator.frame_blocks.16.norm1.output_quantizer                                TensorQuantizer(disabled)
aggregator.frame_blocks.16.attn.qkv.input_quantizer                              TensorQuantizer(disabled)
aggregator.frame_blocks.16.attn.qkv.output_quantizer                             TensorQuantizer(disabled)
aggregator.frame_blocks.16.attn.qkv.weight_quantizer                             TensorQuantizer(disabled)
aggregator.frame_blocks.16.attn.q_norm.input_quantizer                           TensorQuantizer(disabled)
aggregator.frame_blocks.16.attn.q_norm.output_quantizer                          TensorQuantizer(disabled)
aggregator.frame_blocks.16.attn.k_norm.input_quantizer                           TensorQuantizer(disabled)
aggregator.frame_blocks.16.attn.k_norm.output_quantizer                          TensorQuantizer(disabled)
aggregator.frame_blocks.16.attn.proj.input_quantizer                             TensorQuantizer(disabled)
aggregator.frame_blocks.16.attn.proj.output_quantizer                            TensorQuantizer(disabled)
aggregator.frame_blocks.16.attn.proj.weight_quantizer                            TensorQuantizer(disabled)
aggregator.frame_blocks.16.norm2.input_quantizer                                 TensorQuantizer(disabled)
aggregator.frame_blocks.16.norm2.output_quantizer                                TensorQuantizer(disabled)
aggregator.frame_blocks.16.mlp.fc1.input_quantizer                               TensorQuantizer(disabled)
aggregator.frame_blocks.16.mlp.fc1.output_quantizer                              TensorQuantizer(disabled)
aggregator.frame_blocks.16.mlp.fc1.weight_quantizer                              TensorQuantizer(disabled)
aggregator.frame_blocks.16.mlp.fc2.input_quantizer                               TensorQuantizer(disabled)
aggregator.frame_blocks.16.mlp.fc2.output_quantizer                              TensorQuantizer(disabled)
aggregator.frame_blocks.16.mlp.fc2.weight_quantizer                              TensorQuantizer(disabled)
aggregator.frame_blocks.17.norm1.input_quantizer                                 TensorQuantizer(disabled)
aggregator.frame_blocks.17.norm1.output_quantizer                                TensorQuantizer(disabled)
aggregator.frame_blocks.17.attn.qkv.input_quantizer                              TensorQuantizer(disabled)
aggregator.frame_blocks.17.attn.qkv.output_quantizer                             TensorQuantizer(disabled)
aggregator.frame_blocks.17.attn.qkv.weight_quantizer                             TensorQuantizer(disabled)
aggregator.frame_blocks.17.attn.q_norm.input_quantizer                           TensorQuantizer(disabled)
aggregator.frame_blocks.17.attn.q_norm.output_quantizer                          TensorQuantizer(disabled)
aggregator.frame_blocks.17.attn.k_norm.input_quantizer                           TensorQuantizer(disabled)
aggregator.frame_blocks.17.attn.k_norm.output_quantizer                          TensorQuantizer(disabled)
aggregator.frame_blocks.17.attn.proj.input_quantizer                             TensorQuantizer(disabled)
aggregator.frame_blocks.17.attn.proj.output_quantizer                            TensorQuantizer(disabled)
aggregator.frame_blocks.17.attn.proj.weight_quantizer                            TensorQuantizer(disabled)
aggregator.frame_blocks.17.norm2.input_quantizer                                 TensorQuantizer(disabled)
aggregator.frame_blocks.17.norm2.output_quantizer                                TensorQuantizer(disabled)
aggregator.frame_blocks.17.mlp.fc1.input_quantizer                               TensorQuantizer(disabled)
aggregator.frame_blocks.17.mlp.fc1.output_quantizer                              TensorQuantizer(disabled)
aggregator.frame_blocks.17.mlp.fc1.weight_quantizer                              TensorQuantizer(disabled)
aggregator.frame_blocks.17.mlp.fc2.input_quantizer                               TensorQuantizer(disabled)
aggregator.frame_blocks.17.mlp.fc2.output_quantizer                              TensorQuantizer(disabled)
aggregator.frame_blocks.17.mlp.fc2.weight_quantizer                              TensorQuantizer(disabled)
aggregator.frame_blocks.18.norm1.input_quantizer                                 TensorQuantizer(disabled)
aggregator.frame_blocks.18.norm1.output_quantizer                                TensorQuantizer(disabled)
aggregator.frame_blocks.18.attn.qkv.input_quantizer                              TensorQuantizer(disabled)
aggregator.frame_blocks.18.attn.qkv.output_quantizer                             TensorQuantizer(disabled)
aggregator.frame_blocks.18.attn.qkv.weight_quantizer                             TensorQuantizer(disabled)
aggregator.frame_blocks.18.attn.q_norm.input_quantizer                           TensorQuantizer(disabled)
aggregator.frame_blocks.18.attn.q_norm.output_quantizer                          TensorQuantizer(disabled)
aggregator.frame_blocks.18.attn.k_norm.input_quantizer                           TensorQuantizer(disabled)
aggregator.frame_blocks.18.attn.k_norm.output_quantizer                          TensorQuantizer(disabled)
aggregator.frame_blocks.18.attn.proj.input_quantizer                             TensorQuantizer(disabled)
aggregator.frame_blocks.18.attn.proj.output_quantizer                            TensorQuantizer(disabled)
aggregator.frame_blocks.18.attn.proj.weight_quantizer                            TensorQuantizer(disabled)
aggregator.frame_blocks.18.norm2.input_quantizer                                 TensorQuantizer(disabled)
aggregator.frame_blocks.18.norm2.output_quantizer                                TensorQuantizer(disabled)
aggregator.frame_blocks.18.mlp.fc1.input_quantizer                               TensorQuantizer(disabled)
aggregator.frame_blocks.18.mlp.fc1.output_quantizer                              TensorQuantizer(disabled)
aggregator.frame_blocks.18.mlp.fc1.weight_quantizer                              TensorQuantizer(disabled)
aggregator.frame_blocks.18.mlp.fc2.input_quantizer                               TensorQuantizer(disabled)
aggregator.frame_blocks.18.mlp.fc2.output_quantizer                              TensorQuantizer(disabled)
aggregator.frame_blocks.18.mlp.fc2.weight_quantizer                              TensorQuantizer(disabled)
aggregator.frame_blocks.19.norm1.input_quantizer                                 TensorQuantizer(disabled)
aggregator.frame_blocks.19.norm1.output_quantizer                                TensorQuantizer(disabled)
aggregator.frame_blocks.19.attn.qkv.input_quantizer                              TensorQuantizer(disabled)
aggregator.frame_blocks.19.attn.qkv.output_quantizer                             TensorQuantizer(disabled)
aggregator.frame_blocks.19.attn.qkv.weight_quantizer                             TensorQuantizer(disabled)
aggregator.frame_blocks.19.attn.q_norm.input_quantizer                           TensorQuantizer(disabled)
aggregator.frame_blocks.19.attn.q_norm.output_quantizer                          TensorQuantizer(disabled)
aggregator.frame_blocks.19.attn.k_norm.input_quantizer                           TensorQuantizer(disabled)
aggregator.frame_blocks.19.attn.k_norm.output_quantizer                          TensorQuantizer(disabled)
aggregator.frame_blocks.19.attn.proj.input_quantizer                             TensorQuantizer(disabled)
aggregator.frame_blocks.19.attn.proj.output_quantizer                            TensorQuantizer(disabled)
aggregator.frame_blocks.19.attn.proj.weight_quantizer                            TensorQuantizer(disabled)
aggregator.frame_blocks.19.norm2.input_quantizer                                 TensorQuantizer(disabled)
aggregator.frame_blocks.19.norm2.output_quantizer                                TensorQuantizer(disabled)
aggregator.frame_blocks.19.mlp.fc1.input_quantizer                               TensorQuantizer(disabled)
aggregator.frame_blocks.19.mlp.fc1.output_quantizer                              TensorQuantizer(disabled)
aggregator.frame_blocks.19.mlp.fc1.weight_quantizer                              TensorQuantizer(disabled)
aggregator.frame_blocks.19.mlp.fc2.input_quantizer                               TensorQuantizer(disabled)
aggregator.frame_blocks.19.mlp.fc2.output_quantizer                              TensorQuantizer(disabled)
aggregator.frame_blocks.19.mlp.fc2.weight_quantizer                              TensorQuantizer(disabled)
aggregator.frame_blocks.20.norm1.input_quantizer                                 TensorQuantizer(disabled)
aggregator.frame_blocks.20.norm1.output_quantizer                                TensorQuantizer(disabled)
aggregator.frame_blocks.20.attn.qkv.input_quantizer                              TensorQuantizer(disabled)
aggregator.frame_blocks.20.attn.qkv.output_quantizer                             TensorQuantizer(disabled)
aggregator.frame_blocks.20.attn.qkv.weight_quantizer                             TensorQuantizer(disabled)
aggregator.frame_blocks.20.attn.q_norm.input_quantizer                           TensorQuantizer(disabled)
aggregator.frame_blocks.20.attn.q_norm.output_quantizer                          TensorQuantizer(disabled)
aggregator.frame_blocks.20.attn.k_norm.input_quantizer                           TensorQuantizer(disabled)
aggregator.frame_blocks.20.attn.k_norm.output_quantizer                          TensorQuantizer(disabled)
aggregator.frame_blocks.20.attn.proj.input_quantizer                             TensorQuantizer(disabled)
aggregator.frame_blocks.20.attn.proj.output_quantizer                            TensorQuantizer(disabled)
aggregator.frame_blocks.20.attn.proj.weight_quantizer                            TensorQuantizer(disabled)
aggregator.frame_blocks.20.norm2.input_quantizer                                 TensorQuantizer(disabled)
aggregator.frame_blocks.20.norm2.output_quantizer                                TensorQuantizer(disabled)
aggregator.frame_blocks.20.mlp.fc1.input_quantizer                               TensorQuantizer(disabled)
aggregator.frame_blocks.20.mlp.fc1.output_quantizer                              TensorQuantizer(disabled)
aggregator.frame_blocks.20.mlp.fc1.weight_quantizer                              TensorQuantizer(disabled)
aggregator.frame_blocks.20.mlp.fc2.input_quantizer                               TensorQuantizer(disabled)
aggregator.frame_blocks.20.mlp.fc2.output_quantizer                              TensorQuantizer(disabled)
aggregator.frame_blocks.20.mlp.fc2.weight_quantizer                              TensorQuantizer(disabled)
aggregator.frame_blocks.21.norm1.input_quantizer                                 TensorQuantizer(disabled)
aggregator.frame_blocks.21.norm1.output_quantizer                                TensorQuantizer(disabled)
aggregator.frame_blocks.21.attn.qkv.input_quantizer                              TensorQuantizer(disabled)
aggregator.frame_blocks.21.attn.qkv.output_quantizer                             TensorQuantizer(disabled)
aggregator.frame_blocks.21.attn.qkv.weight_quantizer                             TensorQuantizer(disabled)
aggregator.frame_blocks.21.attn.q_norm.input_quantizer                           TensorQuantizer(disabled)
aggregator.frame_blocks.21.attn.q_norm.output_quantizer                          TensorQuantizer(disabled)
aggregator.frame_blocks.21.attn.k_norm.input_quantizer                           TensorQuantizer(disabled)
aggregator.frame_blocks.21.attn.k_norm.output_quantizer                          TensorQuantizer(disabled)
aggregator.frame_blocks.21.attn.proj.input_quantizer                             TensorQuantizer(disabled)
aggregator.frame_blocks.21.attn.proj.output_quantizer                            TensorQuantizer(disabled)
aggregator.frame_blocks.21.attn.proj.weight_quantizer                            TensorQuantizer(disabled)
aggregator.frame_blocks.21.norm2.input_quantizer                                 TensorQuantizer(disabled)
aggregator.frame_blocks.21.norm2.output_quantizer                                TensorQuantizer(disabled)
aggregator.frame_blocks.21.mlp.fc1.input_quantizer                               TensorQuantizer(disabled)
aggregator.frame_blocks.21.mlp.fc1.output_quantizer                              TensorQuantizer(disabled)
aggregator.frame_blocks.21.mlp.fc1.weight_quantizer                              TensorQuantizer(disabled)
aggregator.frame_blocks.21.mlp.fc2.input_quantizer                               TensorQuantizer(disabled)
aggregator.frame_blocks.21.mlp.fc2.output_quantizer                              TensorQuantizer(disabled)
aggregator.frame_blocks.21.mlp.fc2.weight_quantizer                              TensorQuantizer(disabled)
aggregator.frame_blocks.22.norm1.input_quantizer                                 TensorQuantizer(disabled)
aggregator.frame_blocks.22.norm1.output_quantizer                                TensorQuantizer(disabled)
aggregator.frame_blocks.22.attn.qkv.input_quantizer                              TensorQuantizer(disabled)
aggregator.frame_blocks.22.attn.qkv.output_quantizer                             TensorQuantizer(disabled)
aggregator.frame_blocks.22.attn.qkv.weight_quantizer                             TensorQuantizer(disabled)
aggregator.frame_blocks.22.attn.q_norm.input_quantizer                           TensorQuantizer(disabled)
aggregator.frame_blocks.22.attn.q_norm.output_quantizer                          TensorQuantizer(disabled)
aggregator.frame_blocks.22.attn.k_norm.input_quantizer                           TensorQuantizer(disabled)
aggregator.frame_blocks.22.attn.k_norm.output_quantizer                          TensorQuantizer(disabled)
aggregator.frame_blocks.22.attn.proj.input_quantizer                             TensorQuantizer(disabled)
aggregator.frame_blocks.22.attn.proj.output_quantizer                            TensorQuantizer(disabled)
aggregator.frame_blocks.22.attn.proj.weight_quantizer                            TensorQuantizer(disabled)
aggregator.frame_blocks.22.norm2.input_quantizer                                 TensorQuantizer(disabled)
aggregator.frame_blocks.22.norm2.output_quantizer                                TensorQuantizer(disabled)
aggregator.frame_blocks.22.mlp.fc1.input_quantizer                               TensorQuantizer(disabled)
aggregator.frame_blocks.22.mlp.fc1.output_quantizer                              TensorQuantizer(disabled)
aggregator.frame_blocks.22.mlp.fc1.weight_quantizer                              TensorQuantizer(disabled)
aggregator.frame_blocks.22.mlp.fc2.input_quantizer                               TensorQuantizer(disabled)
aggregator.frame_blocks.22.mlp.fc2.output_quantizer                              TensorQuantizer(disabled)
aggregator.frame_blocks.22.mlp.fc2.weight_quantizer                              TensorQuantizer(disabled)
aggregator.frame_blocks.23.norm1.input_quantizer                                 TensorQuantizer(disabled)
aggregator.frame_blocks.23.norm1.output_quantizer                                TensorQuantizer(disabled)
aggregator.frame_blocks.23.attn.qkv.input_quantizer                              TensorQuantizer(disabled)
aggregator.frame_blocks.23.attn.qkv.output_quantizer                             TensorQuantizer(disabled)
aggregator.frame_blocks.23.attn.qkv.weight_quantizer                             TensorQuantizer(disabled)
aggregator.frame_blocks.23.attn.q_norm.input_quantizer                           TensorQuantizer(disabled)
aggregator.frame_blocks.23.attn.q_norm.output_quantizer                          TensorQuantizer(disabled)
aggregator.frame_blocks.23.attn.k_norm.input_quantizer                           TensorQuantizer(disabled)
aggregator.frame_blocks.23.attn.k_norm.output_quantizer                          TensorQuantizer(disabled)
aggregator.frame_blocks.23.attn.proj.input_quantizer                             TensorQuantizer(disabled)
aggregator.frame_blocks.23.attn.proj.output_quantizer                            TensorQuantizer(disabled)
aggregator.frame_blocks.23.attn.proj.weight_quantizer                            TensorQuantizer(disabled)
aggregator.frame_blocks.23.norm2.input_quantizer                                 TensorQuantizer(disabled)
aggregator.frame_blocks.23.norm2.output_quantizer                                TensorQuantizer(disabled)
aggregator.frame_blocks.23.mlp.fc1.input_quantizer                               TensorQuantizer(disabled)
aggregator.frame_blocks.23.mlp.fc1.output_quantizer                              TensorQuantizer(disabled)
aggregator.frame_blocks.23.mlp.fc1.weight_quantizer                              TensorQuantizer(disabled)
aggregator.frame_blocks.23.mlp.fc2.input_quantizer                               TensorQuantizer(disabled)
aggregator.frame_blocks.23.mlp.fc2.output_quantizer                              TensorQuantizer(disabled)
aggregator.frame_blocks.23.mlp.fc2.weight_quantizer                              TensorQuantizer(disabled)
aggregator.global_blocks.0.norm1.input_quantizer                                 TensorQuantizer(disabled)
aggregator.global_blocks.0.norm1.output_quantizer                                TensorQuantizer(disabled)
aggregator.global_blocks.0.attn.qkv.input_quantizer                              TensorQuantizer(disabled)
aggregator.global_blocks.0.attn.qkv.output_quantizer                             TensorQuantizer(disabled)
aggregator.global_blocks.0.attn.qkv.weight_quantizer                             TensorQuantizer(disabled)
aggregator.global_blocks.0.attn.q_norm.input_quantizer                           TensorQuantizer(disabled)
aggregator.global_blocks.0.attn.q_norm.output_quantizer                          TensorQuantizer(disabled)
aggregator.global_blocks.0.attn.k_norm.input_quantizer                           TensorQuantizer(disabled)
aggregator.global_blocks.0.attn.k_norm.output_quantizer                          TensorQuantizer(disabled)
aggregator.global_blocks.0.attn.proj.input_quantizer                             TensorQuantizer(disabled)
aggregator.global_blocks.0.attn.proj.output_quantizer                            TensorQuantizer(disabled)
aggregator.global_blocks.0.attn.proj.weight_quantizer                            TensorQuantizer(disabled)
aggregator.global_blocks.0.norm2.input_quantizer                                 TensorQuantizer(disabled)
aggregator.global_blocks.0.norm2.output_quantizer                                TensorQuantizer(disabled)
aggregator.global_blocks.0.mlp.fc1.input_quantizer                               TensorQuantizer(disabled)
aggregator.global_blocks.0.mlp.fc1.output_quantizer                              TensorQuantizer(disabled)
aggregator.global_blocks.0.mlp.fc1.weight_quantizer                              TensorQuantizer(disabled)
aggregator.global_blocks.0.mlp.fc2.input_quantizer                               TensorQuantizer(disabled)
aggregator.global_blocks.0.mlp.fc2.output_quantizer                              TensorQuantizer(disabled)
aggregator.global_blocks.0.mlp.fc2.weight_quantizer                              TensorQuantizer(disabled)
aggregator.global_blocks.1.norm1.input_quantizer                                 TensorQuantizer(disabled)
aggregator.global_blocks.1.norm1.output_quantizer                                TensorQuantizer(disabled)
aggregator.global_blocks.1.attn.qkv.input_quantizer                              TensorQuantizer(disabled)
aggregator.global_blocks.1.attn.qkv.output_quantizer                             TensorQuantizer(disabled)
aggregator.global_blocks.1.attn.qkv.weight_quantizer                             TensorQuantizer(disabled)
aggregator.global_blocks.1.attn.q_norm.input_quantizer                           TensorQuantizer(disabled)
aggregator.global_blocks.1.attn.q_norm.output_quantizer                          TensorQuantizer(disabled)
aggregator.global_blocks.1.attn.k_norm.input_quantizer                           TensorQuantizer(disabled)
aggregator.global_blocks.1.attn.k_norm.output_quantizer                          TensorQuantizer(disabled)
aggregator.global_blocks.1.attn.proj.input_quantizer                             TensorQuantizer(disabled)
aggregator.global_blocks.1.attn.proj.output_quantizer                            TensorQuantizer(disabled)
aggregator.global_blocks.1.attn.proj.weight_quantizer                            TensorQuantizer(disabled)
aggregator.global_blocks.1.norm2.input_quantizer                                 TensorQuantizer(disabled)
aggregator.global_blocks.1.norm2.output_quantizer                                TensorQuantizer(disabled)
aggregator.global_blocks.1.mlp.fc1.input_quantizer                               TensorQuantizer(disabled)
aggregator.global_blocks.1.mlp.fc1.output_quantizer                              TensorQuantizer(disabled)
aggregator.global_blocks.1.mlp.fc1.weight_quantizer                              TensorQuantizer(disabled)
aggregator.global_blocks.1.mlp.fc2.input_quantizer                               TensorQuantizer(disabled)
aggregator.global_blocks.1.mlp.fc2.output_quantizer                              TensorQuantizer(disabled)
aggregator.global_blocks.1.mlp.fc2.weight_quantizer                              TensorQuantizer(disabled)
aggregator.global_blocks.2.norm1.input_quantizer                                 TensorQuantizer(disabled)
aggregator.global_blocks.2.norm1.output_quantizer                                TensorQuantizer(disabled)
aggregator.global_blocks.2.attn.qkv.input_quantizer                              TensorQuantizer(disabled)
aggregator.global_blocks.2.attn.qkv.output_quantizer                             TensorQuantizer(disabled)
aggregator.global_blocks.2.attn.qkv.weight_quantizer                             TensorQuantizer(disabled)
aggregator.global_blocks.2.attn.q_norm.input_quantizer                           TensorQuantizer(disabled)
aggregator.global_blocks.2.attn.q_norm.output_quantizer                          TensorQuantizer(disabled)
aggregator.global_blocks.2.attn.k_norm.input_quantizer                           TensorQuantizer(disabled)
aggregator.global_blocks.2.attn.k_norm.output_quantizer                          TensorQuantizer(disabled)
aggregator.global_blocks.2.attn.proj.input_quantizer                             TensorQuantizer(disabled)
aggregator.global_blocks.2.attn.proj.output_quantizer                            TensorQuantizer(disabled)
aggregator.global_blocks.2.attn.proj.weight_quantizer                            TensorQuantizer(disabled)
aggregator.global_blocks.2.norm2.input_quantizer                                 TensorQuantizer(disabled)
aggregator.global_blocks.2.norm2.output_quantizer                                TensorQuantizer(disabled)
aggregator.global_blocks.2.mlp.fc1.input_quantizer                               TensorQuantizer(disabled)
aggregator.global_blocks.2.mlp.fc1.output_quantizer                              TensorQuantizer(disabled)
aggregator.global_blocks.2.mlp.fc1.weight_quantizer                              TensorQuantizer(disabled)
aggregator.global_blocks.2.mlp.fc2.input_quantizer                               TensorQuantizer(disabled)
aggregator.global_blocks.2.mlp.fc2.output_quantizer                              TensorQuantizer(disabled)
aggregator.global_blocks.2.mlp.fc2.weight_quantizer                              TensorQuantizer(disabled)
aggregator.global_blocks.3.norm1.input_quantizer                                 TensorQuantizer(disabled)
aggregator.global_blocks.3.norm1.output_quantizer                                TensorQuantizer(disabled)
aggregator.global_blocks.3.attn.qkv.input_quantizer                              TensorQuantizer(disabled)
aggregator.global_blocks.3.attn.qkv.output_quantizer                             TensorQuantizer(disabled)
aggregator.global_blocks.3.attn.qkv.weight_quantizer                             TensorQuantizer(disabled)
aggregator.global_blocks.3.attn.q_norm.input_quantizer                           TensorQuantizer(disabled)
aggregator.global_blocks.3.attn.q_norm.output_quantizer                          TensorQuantizer(disabled)
aggregator.global_blocks.3.attn.k_norm.input_quantizer                           TensorQuantizer(disabled)
aggregator.global_blocks.3.attn.k_norm.output_quantizer                          TensorQuantizer(disabled)
aggregator.global_blocks.3.attn.proj.input_quantizer                             TensorQuantizer(disabled)
aggregator.global_blocks.3.attn.proj.output_quantizer                            TensorQuantizer(disabled)
aggregator.global_blocks.3.attn.proj.weight_quantizer                            TensorQuantizer(disabled)
aggregator.global_blocks.3.norm2.input_quantizer                                 TensorQuantizer(disabled)
aggregator.global_blocks.3.norm2.output_quantizer                                TensorQuantizer(disabled)
aggregator.global_blocks.3.mlp.fc1.input_quantizer                               TensorQuantizer(disabled)
aggregator.global_blocks.3.mlp.fc1.output_quantizer                              TensorQuantizer(disabled)
aggregator.global_blocks.3.mlp.fc1.weight_quantizer                              TensorQuantizer(disabled)
aggregator.global_blocks.3.mlp.fc2.input_quantizer                               TensorQuantizer(disabled)
aggregator.global_blocks.3.mlp.fc2.output_quantizer                              TensorQuantizer(disabled)
aggregator.global_blocks.3.mlp.fc2.weight_quantizer                              TensorQuantizer(disabled)
aggregator.global_blocks.4.norm1.input_quantizer                                 TensorQuantizer(disabled)
aggregator.global_blocks.4.norm1.output_quantizer                                TensorQuantizer(disabled)
aggregator.global_blocks.4.attn.qkv.input_quantizer                              TensorQuantizer(disabled)
aggregator.global_blocks.4.attn.qkv.output_quantizer                             TensorQuantizer(disabled)
aggregator.global_blocks.4.attn.qkv.weight_quantizer                             TensorQuantizer(disabled)
aggregator.global_blocks.4.attn.q_norm.input_quantizer                           TensorQuantizer(disabled)
aggregator.global_blocks.4.attn.q_norm.output_quantizer                          TensorQuantizer(disabled)
aggregator.global_blocks.4.attn.k_norm.input_quantizer                           TensorQuantizer(disabled)
aggregator.global_blocks.4.attn.k_norm.output_quantizer                          TensorQuantizer(disabled)
aggregator.global_blocks.4.attn.proj.input_quantizer                             TensorQuantizer(disabled)
aggregator.global_blocks.4.attn.proj.output_quantizer                            TensorQuantizer(disabled)
aggregator.global_blocks.4.attn.proj.weight_quantizer                            TensorQuantizer(disabled)
aggregator.global_blocks.4.norm2.input_quantizer                                 TensorQuantizer(disabled)
aggregator.global_blocks.4.norm2.output_quantizer                                TensorQuantizer(disabled)
aggregator.global_blocks.4.mlp.fc1.input_quantizer                               TensorQuantizer(disabled)
aggregator.global_blocks.4.mlp.fc1.output_quantizer                              TensorQuantizer(disabled)
aggregator.global_blocks.4.mlp.fc1.weight_quantizer                              TensorQuantizer(disabled)
aggregator.global_blocks.4.mlp.fc2.input_quantizer                               TensorQuantizer(disabled)
aggregator.global_blocks.4.mlp.fc2.output_quantizer                              TensorQuantizer(disabled)
aggregator.global_blocks.4.mlp.fc2.weight_quantizer                              TensorQuantizer(disabled)
aggregator.global_blocks.5.norm1.input_quantizer                                 TensorQuantizer(disabled)
aggregator.global_blocks.5.norm1.output_quantizer                                TensorQuantizer(disabled)
aggregator.global_blocks.5.attn.qkv.input_quantizer                              TensorQuantizer(disabled)
aggregator.global_blocks.5.attn.qkv.output_quantizer                             TensorQuantizer(disabled)
aggregator.global_blocks.5.attn.qkv.weight_quantizer                             TensorQuantizer(disabled)
aggregator.global_blocks.5.attn.q_norm.input_quantizer                           TensorQuantizer(disabled)
aggregator.global_blocks.5.attn.q_norm.output_quantizer                          TensorQuantizer(disabled)
aggregator.global_blocks.5.attn.k_norm.input_quantizer                           TensorQuantizer(disabled)
aggregator.global_blocks.5.attn.k_norm.output_quantizer                          TensorQuantizer(disabled)
aggregator.global_blocks.5.attn.proj.input_quantizer                             TensorQuantizer(disabled)
aggregator.global_blocks.5.attn.proj.output_quantizer                            TensorQuantizer(disabled)
aggregator.global_blocks.5.attn.proj.weight_quantizer                            TensorQuantizer(disabled)
aggregator.global_blocks.5.norm2.input_quantizer                                 TensorQuantizer(disabled)
aggregator.global_blocks.5.norm2.output_quantizer                                TensorQuantizer(disabled)
aggregator.global_blocks.5.mlp.fc1.input_quantizer                               TensorQuantizer(disabled)
aggregator.global_blocks.5.mlp.fc1.output_quantizer                              TensorQuantizer(disabled)
aggregator.global_blocks.5.mlp.fc1.weight_quantizer                              TensorQuantizer(disabled)
aggregator.global_blocks.5.mlp.fc2.input_quantizer                               TensorQuantizer(disabled)
aggregator.global_blocks.5.mlp.fc2.output_quantizer                              TensorQuantizer(disabled)
aggregator.global_blocks.5.mlp.fc2.weight_quantizer                              TensorQuantizer(disabled)
aggregator.global_blocks.6.norm1.input_quantizer                                 TensorQuantizer(8 bit fake per-tensor amax=5.3501 calibrator=MaxCalibrator quant)
aggregator.global_blocks.6.norm1.output_quantizer                                TensorQuantizer(disabled)
aggregator.global_blocks.6.attn.qkv.input_quantizer                              TensorQuantizer(8 bit fake per-tensor amax=4.7618 calibrator=MaxCalibrator quant)
aggregator.global_blocks.6.attn.qkv.output_quantizer                             TensorQuantizer(disabled)
aggregator.global_blocks.6.attn.qkv.weight_quantizer                             TensorQuantizer(8 bit fake axis=0 amax=[0.0652, 0.3281](3072) calibrator=MaxCalibrator quant)
aggregator.global_blocks.6.attn.q_norm.input_quantizer                           TensorQuantizer(8 bit fake per-tensor amax=3.0371 calibrator=MaxCalibrator quant)
aggregator.global_blocks.6.attn.q_norm.output_quantizer                          TensorQuantizer(disabled)
aggregator.global_blocks.6.attn.k_norm.input_quantizer                           TensorQuantizer(8 bit fake per-tensor amax=3.8105 calibrator=MaxCalibrator quant)
aggregator.global_blocks.6.attn.k_norm.output_quantizer                          TensorQuantizer(disabled)
aggregator.global_blocks.6.attn.proj.input_quantizer                             TensorQuantizer(8 bit fake per-tensor amax=1.1565 calibrator=MaxCalibrator quant)
aggregator.global_blocks.6.attn.proj.output_quantizer                            TensorQuantizer(disabled)
aggregator.global_blocks.6.attn.proj.weight_quantizer                            TensorQuantizer(8 bit fake axis=0 amax=[0.0432, 0.2257](1024) calibrator=MaxCalibrator quant)
aggregator.global_blocks.6.norm2.input_quantizer                                 TensorQuantizer(8 bit fake per-tensor amax=5.3501 calibrator=MaxCalibrator quant)
aggregator.global_blocks.6.norm2.output_quantizer                                TensorQuantizer(disabled)
aggregator.global_blocks.6.mlp.fc1.input_quantizer                               TensorQuantizer(8 bit fake per-tensor amax=14.3470 calibrator=MaxCalibrator quant)
aggregator.global_blocks.6.mlp.fc1.output_quantizer                              TensorQuantizer(disabled)
aggregator.global_blocks.6.mlp.fc1.weight_quantizer                              TensorQuantizer(8 bit fake axis=0 amax=[0.0930, 0.2629](4096) calibrator=MaxCalibrator quant)
aggregator.global_blocks.6.mlp.fc2.input_quantizer                               TensorQuantizer(8 bit fake per-tensor amax=5.6701 calibrator=MaxCalibrator quant)
aggregator.global_blocks.6.mlp.fc2.output_quantizer                              TensorQuantizer(disabled)
aggregator.global_blocks.6.mlp.fc2.weight_quantizer                              TensorQuantizer(8 bit fake axis=0 amax=[0.0457, 0.1707](1024) calibrator=MaxCalibrator quant)
aggregator.global_blocks.7.norm1.input_quantizer                                 TensorQuantizer(8 bit fake per-tensor amax=5.5258 calibrator=MaxCalibrator quant)
aggregator.global_blocks.7.norm1.output_quantizer                                TensorQuantizer(disabled)
aggregator.global_blocks.7.attn.qkv.input_quantizer                              TensorQuantizer(8 bit fake per-tensor amax=12.3818 calibrator=MaxCalibrator quant)
aggregator.global_blocks.7.attn.qkv.output_quantizer                             TensorQuantizer(disabled)
aggregator.global_blocks.7.attn.qkv.weight_quantizer                             TensorQuantizer(8 bit fake axis=0 amax=[0.0599, 0.2791](3072) calibrator=MaxCalibrator quant)
aggregator.global_blocks.7.attn.q_norm.input_quantizer                           TensorQuantizer(8 bit fake per-tensor amax=3.3530 calibrator=MaxCalibrator quant)
aggregator.global_blocks.7.attn.q_norm.output_quantizer                          TensorQuantizer(disabled)
aggregator.global_blocks.7.attn.k_norm.input_quantizer                           TensorQuantizer(8 bit fake per-tensor amax=3.8526 calibrator=MaxCalibrator quant)
aggregator.global_blocks.7.attn.k_norm.output_quantizer                          TensorQuantizer(disabled)
aggregator.global_blocks.7.attn.proj.input_quantizer                             TensorQuantizer(8 bit fake per-tensor amax=1.4551 calibrator=MaxCalibrator quant)
aggregator.global_blocks.7.attn.proj.output_quantizer                            TensorQuantizer(disabled)
aggregator.global_blocks.7.attn.proj.weight_quantizer                            TensorQuantizer(8 bit fake axis=0 amax=[0.0331, 0.1950](1024) calibrator=MaxCalibrator quant)
aggregator.global_blocks.7.norm2.input_quantizer                                 TensorQuantizer(8 bit fake per-tensor amax=5.5272 calibrator=MaxCalibrator quant)
aggregator.global_blocks.7.norm2.output_quantizer                                TensorQuantizer(disabled)
aggregator.global_blocks.7.mlp.fc1.input_quantizer                               TensorQuantizer(8 bit fake per-tensor amax=16.1549 calibrator=MaxCalibrator quant)
aggregator.global_blocks.7.mlp.fc1.output_quantizer                              TensorQuantizer(disabled)
aggregator.global_blocks.7.mlp.fc1.weight_quantizer                              TensorQuantizer(8 bit fake axis=0 amax=[0.0935, 0.3801](4096) calibrator=MaxCalibrator quant)
aggregator.global_blocks.7.mlp.fc2.input_quantizer                               TensorQuantizer(8 bit fake per-tensor amax=5.7867 calibrator=MaxCalibrator quant)
aggregator.global_blocks.7.mlp.fc2.output_quantizer                              TensorQuantizer(disabled)
aggregator.global_blocks.7.mlp.fc2.weight_quantizer                              TensorQuantizer(8 bit fake axis=0 amax=[0.0405, 0.5212](1024) calibrator=MaxCalibrator quant)
aggregator.global_blocks.8.norm1.input_quantizer                                 TensorQuantizer(8 bit fake per-tensor amax=5.8181 calibrator=MaxCalibrator quant)
aggregator.global_blocks.8.norm1.output_quantizer                                TensorQuantizer(disabled)
aggregator.global_blocks.8.attn.qkv.input_quantizer                              TensorQuantizer(8 bit fake per-tensor amax=16.4381 calibrator=MaxCalibrator quant)
aggregator.global_blocks.8.attn.qkv.output_quantizer                             TensorQuantizer(disabled)
aggregator.global_blocks.8.attn.qkv.weight_quantizer                             TensorQuantizer(8 bit fake axis=0 amax=[0.0479, 0.2909](3072) calibrator=MaxCalibrator quant)
aggregator.global_blocks.8.attn.q_norm.input_quantizer                           TensorQuantizer(8 bit fake per-tensor amax=2.8155 calibrator=MaxCalibrator quant)
aggregator.global_blocks.8.attn.q_norm.output_quantizer                          TensorQuantizer(disabled)
aggregator.global_blocks.8.attn.k_norm.input_quantizer                           TensorQuantizer(8 bit fake per-tensor amax=6.1204 calibrator=MaxCalibrator quant)
aggregator.global_blocks.8.attn.k_norm.output_quantizer                          TensorQuantizer(disabled)
aggregator.global_blocks.8.attn.proj.input_quantizer                             TensorQuantizer(8 bit fake per-tensor amax=0.7700 calibrator=MaxCalibrator quant)
aggregator.global_blocks.8.attn.proj.output_quantizer                            TensorQuantizer(disabled)
aggregator.global_blocks.8.attn.proj.weight_quantizer                            TensorQuantizer(8 bit fake axis=0 amax=[0.0251, 0.2065](1024) calibrator=MaxCalibrator quant)
aggregator.global_blocks.8.norm2.input_quantizer                                 TensorQuantizer(8 bit fake per-tensor amax=5.8332 calibrator=MaxCalibrator quant)
aggregator.global_blocks.8.norm2.output_quantizer                                TensorQuantizer(disabled)
aggregator.global_blocks.8.mlp.fc1.input_quantizer                               TensorQuantizer(8 bit fake per-tensor amax=18.5209 calibrator=MaxCalibrator quant)
aggregator.global_blocks.8.mlp.fc1.output_quantizer                              TensorQuantizer(disabled)
aggregator.global_blocks.8.mlp.fc1.weight_quantizer                              TensorQuantizer(8 bit fake axis=0 amax=[0.0868, 0.3040](4096) calibrator=MaxCalibrator quant)
aggregator.global_blocks.8.mlp.fc2.input_quantizer                               TensorQuantizer(8 bit fake per-tensor amax=8.9401 calibrator=MaxCalibrator quant)
aggregator.global_blocks.8.mlp.fc2.output_quantizer                              TensorQuantizer(disabled)
aggregator.global_blocks.8.mlp.fc2.weight_quantizer                              TensorQuantizer(8 bit fake axis=0 amax=[0.0578, 0.1995](1024) calibrator=MaxCalibrator quant)
aggregator.global_blocks.9.norm1.input_quantizer                                 TensorQuantizer(8 bit fake per-tensor amax=6.0590 calibrator=MaxCalibrator quant)
aggregator.global_blocks.9.norm1.output_quantizer                                TensorQuantizer(disabled)
aggregator.global_blocks.9.attn.qkv.input_quantizer                              TensorQuantizer(8 bit fake per-tensor amax=3.4996 calibrator=MaxCalibrator quant)
aggregator.global_blocks.9.attn.qkv.output_quantizer                             TensorQuantizer(disabled)
aggregator.global_blocks.9.attn.qkv.weight_quantizer                             TensorQuantizer(8 bit fake axis=0 amax=[0.0610, 0.3194](3072) calibrator=MaxCalibrator quant)
aggregator.global_blocks.9.attn.q_norm.input_quantizer                           TensorQuantizer(8 bit fake per-tensor amax=3.0258 calibrator=MaxCalibrator quant)
aggregator.global_blocks.9.attn.q_norm.output_quantizer                          TensorQuantizer(disabled)
aggregator.global_blocks.9.attn.k_norm.input_quantizer                           TensorQuantizer(8 bit fake per-tensor amax=4.0800 calibrator=MaxCalibrator quant)
aggregator.global_blocks.9.attn.k_norm.output_quantizer                          TensorQuantizer(disabled)
aggregator.global_blocks.9.attn.proj.input_quantizer                             TensorQuantizer(8 bit fake per-tensor amax=1.1725 calibrator=MaxCalibrator quant)
aggregator.global_blocks.9.attn.proj.output_quantizer                            TensorQuantizer(disabled)
aggregator.global_blocks.9.attn.proj.weight_quantizer                            TensorQuantizer(8 bit fake axis=0 amax=[0.0397, 0.2064](1024) calibrator=MaxCalibrator quant)
aggregator.global_blocks.9.norm2.input_quantizer                                 TensorQuantizer(8 bit fake per-tensor amax=6.0977 calibrator=MaxCalibrator quant)
aggregator.global_blocks.9.norm2.output_quantizer                                TensorQuantizer(disabled)
aggregator.global_blocks.9.mlp.fc1.input_quantizer                               TensorQuantizer(8 bit fake per-tensor amax=19.1536 calibrator=MaxCalibrator quant)
aggregator.global_blocks.9.mlp.fc1.output_quantizer                              TensorQuantizer(disabled)
aggregator.global_blocks.9.mlp.fc1.weight_quantizer                              TensorQuantizer(8 bit fake axis=0 amax=[0.0888, 0.3409](4096) calibrator=MaxCalibrator quant)
aggregator.global_blocks.9.mlp.fc2.input_quantizer                               TensorQuantizer(8 bit fake per-tensor amax=4.4883 calibrator=MaxCalibrator quant)
aggregator.global_blocks.9.mlp.fc2.output_quantizer                              TensorQuantizer(disabled)
aggregator.global_blocks.9.mlp.fc2.weight_quantizer                              TensorQuantizer(8 bit fake axis=0 amax=[0.0465, 0.2766](1024) calibrator=MaxCalibrator quant)
aggregator.global_blocks.10.norm1.input_quantizer                                TensorQuantizer(8 bit fake per-tensor amax=6.3221 calibrator=MaxCalibrator quant)
aggregator.global_blocks.10.norm1.output_quantizer                               TensorQuantizer(disabled)
aggregator.global_blocks.10.attn.qkv.input_quantizer                             TensorQuantizer(8 bit fake per-tensor amax=4.3053 calibrator=MaxCalibrator quant)
aggregator.global_blocks.10.attn.qkv.output_quantizer                            TensorQuantizer(disabled)
aggregator.global_blocks.10.attn.qkv.weight_quantizer                            TensorQuantizer(8 bit fake axis=0 amax=[0.0457, 0.2840](3072) calibrator=MaxCalibrator quant)
aggregator.global_blocks.10.attn.q_norm.input_quantizer                          TensorQuantizer(8 bit fake per-tensor amax=4.1467 calibrator=MaxCalibrator quant)
aggregator.global_blocks.10.attn.q_norm.output_quantizer                         TensorQuantizer(disabled)
aggregator.global_blocks.10.attn.k_norm.input_quantizer                          TensorQuantizer(8 bit fake per-tensor amax=3.7920 calibrator=MaxCalibrator quant)
aggregator.global_blocks.10.attn.k_norm.output_quantizer                         TensorQuantizer(disabled)
aggregator.global_blocks.10.attn.proj.input_quantizer                            TensorQuantizer(8 bit fake per-tensor amax=1.6868 calibrator=MaxCalibrator quant)
aggregator.global_blocks.10.attn.proj.output_quantizer                           TensorQuantizer(disabled)
aggregator.global_blocks.10.attn.proj.weight_quantizer                           TensorQuantizer(8 bit fake axis=0 amax=[0.0238, 0.2168](1024) calibrator=MaxCalibrator quant)
aggregator.global_blocks.10.norm2.input_quantizer                                TensorQuantizer(8 bit fake per-tensor amax=6.3218 calibrator=MaxCalibrator quant)
aggregator.global_blocks.10.norm2.output_quantizer                               TensorQuantizer(disabled)
aggregator.global_blocks.10.mlp.fc1.input_quantizer                              TensorQuantizer(8 bit fake per-tensor amax=18.3020 calibrator=MaxCalibrator quant)
aggregator.global_blocks.10.mlp.fc1.output_quantizer                             TensorQuantizer(disabled)
aggregator.global_blocks.10.mlp.fc1.weight_quantizer                             TensorQuantizer(8 bit fake axis=0 amax=[0.0879, 0.3377](4096) calibrator=MaxCalibrator quant)
aggregator.global_blocks.10.mlp.fc2.input_quantizer                              TensorQuantizer(8 bit fake per-tensor amax=12.1458 calibrator=MaxCalibrator quant)
aggregator.global_blocks.10.mlp.fc2.output_quantizer                             TensorQuantizer(disabled)
aggregator.global_blocks.10.mlp.fc2.weight_quantizer                             TensorQuantizer(8 bit fake axis=0 amax=[0.0666, 0.2369](1024) calibrator=MaxCalibrator quant)
aggregator.global_blocks.11.norm1.input_quantizer                                TensorQuantizer(8 bit fake per-tensor amax=7.3586 calibrator=MaxCalibrator quant)
aggregator.global_blocks.11.norm1.output_quantizer                               TensorQuantizer(disabled)
aggregator.global_blocks.11.attn.qkv.input_quantizer                             TensorQuantizer(8 bit fake per-tensor amax=3.7075 calibrator=MaxCalibrator quant)
aggregator.global_blocks.11.attn.qkv.output_quantizer                            TensorQuantizer(disabled)
aggregator.global_blocks.11.attn.qkv.weight_quantizer                            TensorQuantizer(8 bit fake axis=0 amax=[0.0414, 0.3463](3072) calibrator=MaxCalibrator quant)
aggregator.global_blocks.11.attn.q_norm.input_quantizer                          TensorQuantizer(8 bit fake per-tensor amax=5.5151 calibrator=MaxCalibrator quant)
aggregator.global_blocks.11.attn.q_norm.output_quantizer                         TensorQuantizer(disabled)
aggregator.global_blocks.11.attn.k_norm.input_quantizer                          TensorQuantizer(8 bit fake per-tensor amax=3.9322 calibrator=MaxCalibrator quant)
aggregator.global_blocks.11.attn.k_norm.output_quantizer                         TensorQuantizer(disabled)
aggregator.global_blocks.11.attn.proj.input_quantizer                            TensorQuantizer(8 bit fake per-tensor amax=2.8214 calibrator=MaxCalibrator quant)
aggregator.global_blocks.11.attn.proj.output_quantizer                           TensorQuantizer(disabled)
aggregator.global_blocks.11.attn.proj.weight_quantizer                           TensorQuantizer(8 bit fake axis=0 amax=[0.0368, 0.2074](1024) calibrator=MaxCalibrator quant)
aggregator.global_blocks.11.norm2.input_quantizer                                TensorQuantizer(8 bit fake per-tensor amax=7.4226 calibrator=MaxCalibrator quant)
aggregator.global_blocks.11.norm2.output_quantizer                               TensorQuantizer(disabled)
aggregator.global_blocks.11.mlp.fc1.input_quantizer                              TensorQuantizer(8 bit fake per-tensor amax=16.8229 calibrator=MaxCalibrator quant)
aggregator.global_blocks.11.mlp.fc1.output_quantizer                             TensorQuantizer(disabled)
aggregator.global_blocks.11.mlp.fc1.weight_quantizer                             TensorQuantizer(8 bit fake axis=0 amax=[0.0882, 0.3731](4096) calibrator=MaxCalibrator quant)
aggregator.global_blocks.11.mlp.fc2.input_quantizer                              TensorQuantizer(8 bit fake per-tensor amax=3.8710 calibrator=MaxCalibrator quant)
aggregator.global_blocks.11.mlp.fc2.output_quantizer                             TensorQuantizer(disabled)
aggregator.global_blocks.11.mlp.fc2.weight_quantizer                             TensorQuantizer(8 bit fake axis=0 amax=[0.0346, 0.2871](1024) calibrator=MaxCalibrator quant)
aggregator.global_blocks.12.norm1.input_quantizer                                TensorQuantizer(disabled)
aggregator.global_blocks.12.norm1.output_quantizer                               TensorQuantizer(disabled)
aggregator.global_blocks.12.attn.qkv.input_quantizer                             TensorQuantizer(disabled)
aggregator.global_blocks.12.attn.qkv.output_quantizer                            TensorQuantizer(disabled)
aggregator.global_blocks.12.attn.qkv.weight_quantizer                            TensorQuantizer(disabled)
aggregator.global_blocks.12.attn.q_norm.input_quantizer                          TensorQuantizer(disabled)
aggregator.global_blocks.12.attn.q_norm.output_quantizer                         TensorQuantizer(disabled)
aggregator.global_blocks.12.attn.k_norm.input_quantizer                          TensorQuantizer(disabled)
aggregator.global_blocks.12.attn.k_norm.output_quantizer                         TensorQuantizer(disabled)
aggregator.global_blocks.12.attn.proj.input_quantizer                            TensorQuantizer(disabled)
aggregator.global_blocks.12.attn.proj.output_quantizer                           TensorQuantizer(disabled)
aggregator.global_blocks.12.attn.proj.weight_quantizer                           TensorQuantizer(disabled)
aggregator.global_blocks.12.norm2.input_quantizer                                TensorQuantizer(disabled)
aggregator.global_blocks.12.norm2.output_quantizer                               TensorQuantizer(disabled)
aggregator.global_blocks.12.mlp.fc1.input_quantizer                              TensorQuantizer(disabled)
aggregator.global_blocks.12.mlp.fc1.output_quantizer                             TensorQuantizer(disabled)
aggregator.global_blocks.12.mlp.fc1.weight_quantizer                             TensorQuantizer(disabled)
aggregator.global_blocks.12.mlp.fc2.input_quantizer                              TensorQuantizer(disabled)
aggregator.global_blocks.12.mlp.fc2.output_quantizer                             TensorQuantizer(disabled)
aggregator.global_blocks.12.mlp.fc2.weight_quantizer                             TensorQuantizer(disabled)
aggregator.global_blocks.13.norm1.input_quantizer                                TensorQuantizer(disabled)
aggregator.global_blocks.13.norm1.output_quantizer                               TensorQuantizer(disabled)
aggregator.global_blocks.13.attn.qkv.input_quantizer                             TensorQuantizer(disabled)
aggregator.global_blocks.13.attn.qkv.output_quantizer                            TensorQuantizer(disabled)
aggregator.global_blocks.13.attn.qkv.weight_quantizer                            TensorQuantizer(disabled)
aggregator.global_blocks.13.attn.q_norm.input_quantizer                          TensorQuantizer(disabled)
aggregator.global_blocks.13.attn.q_norm.output_quantizer                         TensorQuantizer(disabled)
aggregator.global_blocks.13.attn.k_norm.input_quantizer                          TensorQuantizer(disabled)
aggregator.global_blocks.13.attn.k_norm.output_quantizer                         TensorQuantizer(disabled)
aggregator.global_blocks.13.attn.proj.input_quantizer                            TensorQuantizer(disabled)
aggregator.global_blocks.13.attn.proj.output_quantizer                           TensorQuantizer(disabled)
aggregator.global_blocks.13.attn.proj.weight_quantizer                           TensorQuantizer(disabled)
aggregator.global_blocks.13.norm2.input_quantizer                                TensorQuantizer(disabled)
aggregator.global_blocks.13.norm2.output_quantizer                               TensorQuantizer(disabled)
aggregator.global_blocks.13.mlp.fc1.input_quantizer                              TensorQuantizer(disabled)
aggregator.global_blocks.13.mlp.fc1.output_quantizer                             TensorQuantizer(disabled)
aggregator.global_blocks.13.mlp.fc1.weight_quantizer                             TensorQuantizer(disabled)
aggregator.global_blocks.13.mlp.fc2.input_quantizer                              TensorQuantizer(disabled)
aggregator.global_blocks.13.mlp.fc2.output_quantizer                             TensorQuantizer(disabled)
aggregator.global_blocks.13.mlp.fc2.weight_quantizer                             TensorQuantizer(disabled)
aggregator.global_blocks.14.norm1.input_quantizer                                TensorQuantizer(disabled)
aggregator.global_blocks.14.norm1.output_quantizer                               TensorQuantizer(disabled)
aggregator.global_blocks.14.attn.qkv.input_quantizer                             TensorQuantizer(disabled)
aggregator.global_blocks.14.attn.qkv.output_quantizer                            TensorQuantizer(disabled)
aggregator.global_blocks.14.attn.qkv.weight_quantizer                            TensorQuantizer(disabled)
aggregator.global_blocks.14.attn.q_norm.input_quantizer                          TensorQuantizer(disabled)
aggregator.global_blocks.14.attn.q_norm.output_quantizer                         TensorQuantizer(disabled)
aggregator.global_blocks.14.attn.k_norm.input_quantizer                          TensorQuantizer(disabled)
aggregator.global_blocks.14.attn.k_norm.output_quantizer                         TensorQuantizer(disabled)
aggregator.global_blocks.14.attn.proj.input_quantizer                            TensorQuantizer(disabled)
aggregator.global_blocks.14.attn.proj.output_quantizer                           TensorQuantizer(disabled)
aggregator.global_blocks.14.attn.proj.weight_quantizer                           TensorQuantizer(disabled)
aggregator.global_blocks.14.norm2.input_quantizer                                TensorQuantizer(disabled)
aggregator.global_blocks.14.norm2.output_quantizer                               TensorQuantizer(disabled)
aggregator.global_blocks.14.mlp.fc1.input_quantizer                              TensorQuantizer(disabled)
aggregator.global_blocks.14.mlp.fc1.output_quantizer                             TensorQuantizer(disabled)
aggregator.global_blocks.14.mlp.fc1.weight_quantizer                             TensorQuantizer(disabled)
aggregator.global_blocks.14.mlp.fc2.input_quantizer                              TensorQuantizer(disabled)
aggregator.global_blocks.14.mlp.fc2.output_quantizer                             TensorQuantizer(disabled)
aggregator.global_blocks.14.mlp.fc2.weight_quantizer                             TensorQuantizer(disabled)
aggregator.global_blocks.15.norm1.input_quantizer                                TensorQuantizer(disabled)
aggregator.global_blocks.15.norm1.output_quantizer                               TensorQuantizer(disabled)
aggregator.global_blocks.15.attn.qkv.input_quantizer                             TensorQuantizer(disabled)
aggregator.global_blocks.15.attn.qkv.output_quantizer                            TensorQuantizer(disabled)
aggregator.global_blocks.15.attn.qkv.weight_quantizer                            TensorQuantizer(disabled)
aggregator.global_blocks.15.attn.q_norm.input_quantizer                          TensorQuantizer(disabled)
aggregator.global_blocks.15.attn.q_norm.output_quantizer                         TensorQuantizer(disabled)
aggregator.global_blocks.15.attn.k_norm.input_quantizer                          TensorQuantizer(disabled)
aggregator.global_blocks.15.attn.k_norm.output_quantizer                         TensorQuantizer(disabled)
aggregator.global_blocks.15.attn.proj.input_quantizer                            TensorQuantizer(disabled)
aggregator.global_blocks.15.attn.proj.output_quantizer                           TensorQuantizer(disabled)
aggregator.global_blocks.15.attn.proj.weight_quantizer                           TensorQuantizer(disabled)
aggregator.global_blocks.15.norm2.input_quantizer                                TensorQuantizer(disabled)
aggregator.global_blocks.15.norm2.output_quantizer                               TensorQuantizer(disabled)
aggregator.global_blocks.15.mlp.fc1.input_quantizer                              TensorQuantizer(disabled)
aggregator.global_blocks.15.mlp.fc1.output_quantizer                             TensorQuantizer(disabled)
aggregator.global_blocks.15.mlp.fc1.weight_quantizer                             TensorQuantizer(disabled)
aggregator.global_blocks.15.mlp.fc2.input_quantizer                              TensorQuantizer(disabled)
aggregator.global_blocks.15.mlp.fc2.output_quantizer                             TensorQuantizer(disabled)
aggregator.global_blocks.15.mlp.fc2.weight_quantizer                             TensorQuantizer(disabled)
aggregator.global_blocks.16.norm1.input_quantizer                                TensorQuantizer(disabled)
aggregator.global_blocks.16.norm1.output_quantizer                               TensorQuantizer(disabled)
aggregator.global_blocks.16.attn.qkv.input_quantizer                             TensorQuantizer(disabled)
aggregator.global_blocks.16.attn.qkv.output_quantizer                            TensorQuantizer(disabled)
aggregator.global_blocks.16.attn.qkv.weight_quantizer                            TensorQuantizer(disabled)
aggregator.global_blocks.16.attn.q_norm.input_quantizer                          TensorQuantizer(disabled)
aggregator.global_blocks.16.attn.q_norm.output_quantizer                         TensorQuantizer(disabled)
aggregator.global_blocks.16.attn.k_norm.input_quantizer                          TensorQuantizer(disabled)
aggregator.global_blocks.16.attn.k_norm.output_quantizer                         TensorQuantizer(disabled)
aggregator.global_blocks.16.attn.proj.input_quantizer                            TensorQuantizer(disabled)
aggregator.global_blocks.16.attn.proj.output_quantizer                           TensorQuantizer(disabled)
aggregator.global_blocks.16.attn.proj.weight_quantizer                           TensorQuantizer(disabled)
aggregator.global_blocks.16.norm2.input_quantizer                                TensorQuantizer(disabled)
aggregator.global_blocks.16.norm2.output_quantizer                               TensorQuantizer(disabled)
aggregator.global_blocks.16.mlp.fc1.input_quantizer                              TensorQuantizer(disabled)
aggregator.global_blocks.16.mlp.fc1.output_quantizer                             TensorQuantizer(disabled)
aggregator.global_blocks.16.mlp.fc1.weight_quantizer                             TensorQuantizer(disabled)
aggregator.global_blocks.16.mlp.fc2.input_quantizer                              TensorQuantizer(disabled)
aggregator.global_blocks.16.mlp.fc2.output_quantizer                             TensorQuantizer(disabled)
aggregator.global_blocks.16.mlp.fc2.weight_quantizer                             TensorQuantizer(disabled)
aggregator.global_blocks.17.norm1.input_quantizer                                TensorQuantizer(disabled)
aggregator.global_blocks.17.norm1.output_quantizer                               TensorQuantizer(disabled)
aggregator.global_blocks.17.attn.qkv.input_quantizer                             TensorQuantizer(disabled)
aggregator.global_blocks.17.attn.qkv.output_quantizer                            TensorQuantizer(disabled)
aggregator.global_blocks.17.attn.qkv.weight_quantizer                            TensorQuantizer(disabled)
aggregator.global_blocks.17.attn.q_norm.input_quantizer                          TensorQuantizer(disabled)
aggregator.global_blocks.17.attn.q_norm.output_quantizer                         TensorQuantizer(disabled)
aggregator.global_blocks.17.attn.k_norm.input_quantizer                          TensorQuantizer(disabled)
aggregator.global_blocks.17.attn.k_norm.output_quantizer                         TensorQuantizer(disabled)
aggregator.global_blocks.17.attn.proj.input_quantizer                            TensorQuantizer(disabled)
aggregator.global_blocks.17.attn.proj.output_quantizer                           TensorQuantizer(disabled)
aggregator.global_blocks.17.attn.proj.weight_quantizer                           TensorQuantizer(disabled)
aggregator.global_blocks.17.norm2.input_quantizer                                TensorQuantizer(disabled)
aggregator.global_blocks.17.norm2.output_quantizer                               TensorQuantizer(disabled)
aggregator.global_blocks.17.mlp.fc1.input_quantizer                              TensorQuantizer(disabled)
aggregator.global_blocks.17.mlp.fc1.output_quantizer                             TensorQuantizer(disabled)
aggregator.global_blocks.17.mlp.fc1.weight_quantizer                             TensorQuantizer(disabled)
aggregator.global_blocks.17.mlp.fc2.input_quantizer                              TensorQuantizer(disabled)
aggregator.global_blocks.17.mlp.fc2.output_quantizer                             TensorQuantizer(disabled)
aggregator.global_blocks.17.mlp.fc2.weight_quantizer                             TensorQuantizer(disabled)
aggregator.global_blocks.18.norm1.input_quantizer                                TensorQuantizer(disabled)
aggregator.global_blocks.18.norm1.output_quantizer                               TensorQuantizer(disabled)
aggregator.global_blocks.18.attn.qkv.input_quantizer                             TensorQuantizer(disabled)
aggregator.global_blocks.18.attn.qkv.output_quantizer                            TensorQuantizer(disabled)
aggregator.global_blocks.18.attn.qkv.weight_quantizer                            TensorQuantizer(disabled)
aggregator.global_blocks.18.attn.q_norm.input_quantizer                          TensorQuantizer(disabled)
aggregator.global_blocks.18.attn.q_norm.output_quantizer                         TensorQuantizer(disabled)
aggregator.global_blocks.18.attn.k_norm.input_quantizer                          TensorQuantizer(disabled)
aggregator.global_blocks.18.attn.k_norm.output_quantizer                         TensorQuantizer(disabled)
aggregator.global_blocks.18.attn.proj.input_quantizer                            TensorQuantizer(disabled)
aggregator.global_blocks.18.attn.proj.output_quantizer                           TensorQuantizer(disabled)
aggregator.global_blocks.18.attn.proj.weight_quantizer                           TensorQuantizer(disabled)
aggregator.global_blocks.18.norm2.input_quantizer                                TensorQuantizer(disabled)
aggregator.global_blocks.18.norm2.output_quantizer                               TensorQuantizer(disabled)
aggregator.global_blocks.18.mlp.fc1.input_quantizer                              TensorQuantizer(disabled)
aggregator.global_blocks.18.mlp.fc1.output_quantizer                             TensorQuantizer(disabled)
aggregator.global_blocks.18.mlp.fc1.weight_quantizer                             TensorQuantizer(disabled)
aggregator.global_blocks.18.mlp.fc2.input_quantizer                              TensorQuantizer(disabled)
aggregator.global_blocks.18.mlp.fc2.output_quantizer                             TensorQuantizer(disabled)
aggregator.global_blocks.18.mlp.fc2.weight_quantizer                             TensorQuantizer(disabled)
aggregator.global_blocks.19.norm1.input_quantizer                                TensorQuantizer(disabled)
aggregator.global_blocks.19.norm1.output_quantizer                               TensorQuantizer(disabled)
aggregator.global_blocks.19.attn.qkv.input_quantizer                             TensorQuantizer(disabled)
aggregator.global_blocks.19.attn.qkv.output_quantizer                            TensorQuantizer(disabled)
aggregator.global_blocks.19.attn.qkv.weight_quantizer                            TensorQuantizer(disabled)
aggregator.global_blocks.19.attn.q_norm.input_quantizer                          TensorQuantizer(disabled)
aggregator.global_blocks.19.attn.q_norm.output_quantizer                         TensorQuantizer(disabled)
aggregator.global_blocks.19.attn.k_norm.input_quantizer                          TensorQuantizer(disabled)
aggregator.global_blocks.19.attn.k_norm.output_quantizer                         TensorQuantizer(disabled)
aggregator.global_blocks.19.attn.proj.input_quantizer                            TensorQuantizer(disabled)
aggregator.global_blocks.19.attn.proj.output_quantizer                           TensorQuantizer(disabled)
aggregator.global_blocks.19.attn.proj.weight_quantizer                           TensorQuantizer(disabled)
aggregator.global_blocks.19.norm2.input_quantizer                                TensorQuantizer(disabled)
aggregator.global_blocks.19.norm2.output_quantizer                               TensorQuantizer(disabled)
aggregator.global_blocks.19.mlp.fc1.input_quantizer                              TensorQuantizer(disabled)
aggregator.global_blocks.19.mlp.fc1.output_quantizer                             TensorQuantizer(disabled)
aggregator.global_blocks.19.mlp.fc1.weight_quantizer                             TensorQuantizer(disabled)
aggregator.global_blocks.19.mlp.fc2.input_quantizer                              TensorQuantizer(disabled)
aggregator.global_blocks.19.mlp.fc2.output_quantizer                             TensorQuantizer(disabled)
aggregator.global_blocks.19.mlp.fc2.weight_quantizer                             TensorQuantizer(disabled)
aggregator.global_blocks.20.norm1.input_quantizer                                TensorQuantizer(disabled)
aggregator.global_blocks.20.norm1.output_quantizer                               TensorQuantizer(disabled)
aggregator.global_blocks.20.attn.qkv.input_quantizer                             TensorQuantizer(disabled)
aggregator.global_blocks.20.attn.qkv.output_quantizer                            TensorQuantizer(disabled)
aggregator.global_blocks.20.attn.qkv.weight_quantizer                            TensorQuantizer(disabled)
aggregator.global_blocks.20.attn.q_norm.input_quantizer                          TensorQuantizer(disabled)
aggregator.global_blocks.20.attn.q_norm.output_quantizer                         TensorQuantizer(disabled)
aggregator.global_blocks.20.attn.k_norm.input_quantizer                          TensorQuantizer(disabled)
aggregator.global_blocks.20.attn.k_norm.output_quantizer                         TensorQuantizer(disabled)
aggregator.global_blocks.20.attn.proj.input_quantizer                            TensorQuantizer(disabled)
aggregator.global_blocks.20.attn.proj.output_quantizer                           TensorQuantizer(disabled)
aggregator.global_blocks.20.attn.proj.weight_quantizer                           TensorQuantizer(disabled)
aggregator.global_blocks.20.norm2.input_quantizer                                TensorQuantizer(disabled)
aggregator.global_blocks.20.norm2.output_quantizer                               TensorQuantizer(disabled)
aggregator.global_blocks.20.mlp.fc1.input_quantizer                              TensorQuantizer(disabled)
aggregator.global_blocks.20.mlp.fc1.output_quantizer                             TensorQuantizer(disabled)
aggregator.global_blocks.20.mlp.fc1.weight_quantizer                             TensorQuantizer(disabled)
aggregator.global_blocks.20.mlp.fc2.input_quantizer                              TensorQuantizer(disabled)
aggregator.global_blocks.20.mlp.fc2.output_quantizer                             TensorQuantizer(disabled)
aggregator.global_blocks.20.mlp.fc2.weight_quantizer                             TensorQuantizer(disabled)
aggregator.global_blocks.21.norm1.input_quantizer                                TensorQuantizer(disabled)
aggregator.global_blocks.21.norm1.output_quantizer                               TensorQuantizer(disabled)
aggregator.global_blocks.21.attn.qkv.input_quantizer                             TensorQuantizer(disabled)
aggregator.global_blocks.21.attn.qkv.output_quantizer                            TensorQuantizer(disabled)
aggregator.global_blocks.21.attn.qkv.weight_quantizer                            TensorQuantizer(disabled)
aggregator.global_blocks.21.attn.q_norm.input_quantizer                          TensorQuantizer(disabled)
aggregator.global_blocks.21.attn.q_norm.output_quantizer                         TensorQuantizer(disabled)
aggregator.global_blocks.21.attn.k_norm.input_quantizer                          TensorQuantizer(disabled)
aggregator.global_blocks.21.attn.k_norm.output_quantizer                         TensorQuantizer(disabled)
aggregator.global_blocks.21.attn.proj.input_quantizer                            TensorQuantizer(disabled)
aggregator.global_blocks.21.attn.proj.output_quantizer                           TensorQuantizer(disabled)
aggregator.global_blocks.21.attn.proj.weight_quantizer                           TensorQuantizer(disabled)
aggregator.global_blocks.21.norm2.input_quantizer                                TensorQuantizer(disabled)
aggregator.global_blocks.21.norm2.output_quantizer                               TensorQuantizer(disabled)
aggregator.global_blocks.21.mlp.fc1.input_quantizer                              TensorQuantizer(disabled)
aggregator.global_blocks.21.mlp.fc1.output_quantizer                             TensorQuantizer(disabled)
aggregator.global_blocks.21.mlp.fc1.weight_quantizer                             TensorQuantizer(disabled)
aggregator.global_blocks.21.mlp.fc2.input_quantizer                              TensorQuantizer(disabled)
aggregator.global_blocks.21.mlp.fc2.output_quantizer                             TensorQuantizer(disabled)
aggregator.global_blocks.21.mlp.fc2.weight_quantizer                             TensorQuantizer(disabled)
aggregator.global_blocks.22.norm1.input_quantizer                                TensorQuantizer(disabled)
aggregator.global_blocks.22.norm1.output_quantizer                               TensorQuantizer(disabled)
aggregator.global_blocks.22.attn.qkv.input_quantizer                             TensorQuantizer(disabled)
aggregator.global_blocks.22.attn.qkv.output_quantizer                            TensorQuantizer(disabled)
aggregator.global_blocks.22.attn.qkv.weight_quantizer                            TensorQuantizer(disabled)
aggregator.global_blocks.22.attn.q_norm.input_quantizer                          TensorQuantizer(disabled)
aggregator.global_blocks.22.attn.q_norm.output_quantizer                         TensorQuantizer(disabled)
aggregator.global_blocks.22.attn.k_norm.input_quantizer                          TensorQuantizer(disabled)
aggregator.global_blocks.22.attn.k_norm.output_quantizer                         TensorQuantizer(disabled)
aggregator.global_blocks.22.attn.proj.input_quantizer                            TensorQuantizer(disabled)
aggregator.global_blocks.22.attn.proj.output_quantizer                           TensorQuantizer(disabled)
aggregator.global_blocks.22.attn.proj.weight_quantizer                           TensorQuantizer(disabled)
aggregator.global_blocks.22.norm2.input_quantizer                                TensorQuantizer(disabled)
aggregator.global_blocks.22.norm2.output_quantizer                               TensorQuantizer(disabled)
aggregator.global_blocks.22.mlp.fc1.input_quantizer                              TensorQuantizer(disabled)
aggregator.global_blocks.22.mlp.fc1.output_quantizer                             TensorQuantizer(disabled)
aggregator.global_blocks.22.mlp.fc1.weight_quantizer                             TensorQuantizer(disabled)
aggregator.global_blocks.22.mlp.fc2.input_quantizer                              TensorQuantizer(disabled)
aggregator.global_blocks.22.mlp.fc2.output_quantizer                             TensorQuantizer(disabled)
aggregator.global_blocks.22.mlp.fc2.weight_quantizer                             TensorQuantizer(disabled)
aggregator.global_blocks.23.norm1.input_quantizer                                TensorQuantizer(disabled)
aggregator.global_blocks.23.norm1.output_quantizer                               TensorQuantizer(disabled)
aggregator.global_blocks.23.attn.qkv.input_quantizer                             TensorQuantizer(disabled)
aggregator.global_blocks.23.attn.qkv.output_quantizer                            TensorQuantizer(disabled)
aggregator.global_blocks.23.attn.qkv.weight_quantizer                            TensorQuantizer(disabled)
aggregator.global_blocks.23.attn.q_norm.input_quantizer                          TensorQuantizer(disabled)
aggregator.global_blocks.23.attn.q_norm.output_quantizer                         TensorQuantizer(disabled)
aggregator.global_blocks.23.attn.k_norm.input_quantizer                          TensorQuantizer(disabled)
aggregator.global_blocks.23.attn.k_norm.output_quantizer                         TensorQuantizer(disabled)
aggregator.global_blocks.23.attn.proj.input_quantizer                            TensorQuantizer(disabled)
aggregator.global_blocks.23.attn.proj.output_quantizer                           TensorQuantizer(disabled)
aggregator.global_blocks.23.attn.proj.weight_quantizer                           TensorQuantizer(disabled)
aggregator.global_blocks.23.norm2.input_quantizer                                TensorQuantizer(disabled)
aggregator.global_blocks.23.norm2.output_quantizer                               TensorQuantizer(disabled)
aggregator.global_blocks.23.mlp.fc1.input_quantizer                              TensorQuantizer(disabled)
aggregator.global_blocks.23.mlp.fc1.output_quantizer                             TensorQuantizer(disabled)
aggregator.global_blocks.23.mlp.fc1.weight_quantizer                             TensorQuantizer(disabled)
aggregator.global_blocks.23.mlp.fc2.input_quantizer                              TensorQuantizer(disabled)
aggregator.global_blocks.23.mlp.fc2.output_quantizer                             TensorQuantizer(disabled)
aggregator.global_blocks.23.mlp.fc2.weight_quantizer                             TensorQuantizer(disabled)
camera_head.trunk.0.norm1.input_quantizer                                        TensorQuantizer(disabled)
camera_head.trunk.0.norm1.output_quantizer                                       TensorQuantizer(disabled)
camera_head.trunk.0.attn.qkv.input_quantizer                                     TensorQuantizer(disabled)
camera_head.trunk.0.attn.qkv.output_quantizer                                    TensorQuantizer(disabled)
camera_head.trunk.0.attn.qkv.weight_quantizer                                    TensorQuantizer(disabled)
camera_head.trunk.0.attn.proj.input_quantizer                                    TensorQuantizer(disabled)
camera_head.trunk.0.attn.proj.output_quantizer                                   TensorQuantizer(disabled)
camera_head.trunk.0.attn.proj.weight_quantizer                                   TensorQuantizer(disabled)
camera_head.trunk.0.norm2.input_quantizer                                        TensorQuantizer(disabled)
camera_head.trunk.0.norm2.output_quantizer                                       TensorQuantizer(disabled)
camera_head.trunk.0.mlp.fc1.input_quantizer                                      TensorQuantizer(disabled)
camera_head.trunk.0.mlp.fc1.output_quantizer                                     TensorQuantizer(disabled)
camera_head.trunk.0.mlp.fc1.weight_quantizer                                     TensorQuantizer(disabled)
camera_head.trunk.0.mlp.fc2.input_quantizer                                      TensorQuantizer(disabled)
camera_head.trunk.0.mlp.fc2.output_quantizer                                     TensorQuantizer(disabled)
camera_head.trunk.0.mlp.fc2.weight_quantizer                                     TensorQuantizer(disabled)
camera_head.trunk.1.norm1.input_quantizer                                        TensorQuantizer(disabled)
camera_head.trunk.1.norm1.output_quantizer                                       TensorQuantizer(disabled)
camera_head.trunk.1.attn.qkv.input_quantizer                                     TensorQuantizer(disabled)
camera_head.trunk.1.attn.qkv.output_quantizer                                    TensorQuantizer(disabled)
camera_head.trunk.1.attn.qkv.weight_quantizer                                    TensorQuantizer(disabled)
camera_head.trunk.1.attn.proj.input_quantizer                                    TensorQuantizer(disabled)
camera_head.trunk.1.attn.proj.output_quantizer                                   TensorQuantizer(disabled)
camera_head.trunk.1.attn.proj.weight_quantizer                                   TensorQuantizer(disabled)
camera_head.trunk.1.norm2.input_quantizer                                        TensorQuantizer(disabled)
camera_head.trunk.1.norm2.output_quantizer                                       TensorQuantizer(disabled)
camera_head.trunk.1.mlp.fc1.input_quantizer                                      TensorQuantizer(disabled)
camera_head.trunk.1.mlp.fc1.output_quantizer                                     TensorQuantizer(disabled)
camera_head.trunk.1.mlp.fc1.weight_quantizer                                     TensorQuantizer(disabled)
camera_head.trunk.1.mlp.fc2.input_quantizer                                      TensorQuantizer(disabled)
camera_head.trunk.1.mlp.fc2.output_quantizer                                     TensorQuantizer(disabled)
camera_head.trunk.1.mlp.fc2.weight_quantizer                                     TensorQuantizer(disabled)
camera_head.trunk.2.norm1.input_quantizer                                        TensorQuantizer(disabled)
camera_head.trunk.2.norm1.output_quantizer                                       TensorQuantizer(disabled)
camera_head.trunk.2.attn.qkv.input_quantizer                                     TensorQuantizer(disabled)
camera_head.trunk.2.attn.qkv.output_quantizer                                    TensorQuantizer(disabled)
camera_head.trunk.2.attn.qkv.weight_quantizer                                    TensorQuantizer(disabled)
camera_head.trunk.2.attn.proj.input_quantizer                                    TensorQuantizer(disabled)
camera_head.trunk.2.attn.proj.output_quantizer                                   TensorQuantizer(disabled)
camera_head.trunk.2.attn.proj.weight_quantizer                                   TensorQuantizer(disabled)
camera_head.trunk.2.norm2.input_quantizer                                        TensorQuantizer(disabled)
camera_head.trunk.2.norm2.output_quantizer                                       TensorQuantizer(disabled)
camera_head.trunk.2.mlp.fc1.input_quantizer                                      TensorQuantizer(disabled)
camera_head.trunk.2.mlp.fc1.output_quantizer                                     TensorQuantizer(disabled)
camera_head.trunk.2.mlp.fc1.weight_quantizer                                     TensorQuantizer(disabled)
camera_head.trunk.2.mlp.fc2.input_quantizer                                      TensorQuantizer(disabled)
camera_head.trunk.2.mlp.fc2.output_quantizer                                     TensorQuantizer(disabled)
camera_head.trunk.2.mlp.fc2.weight_quantizer                                     TensorQuantizer(disabled)
camera_head.trunk.3.norm1.input_quantizer                                        TensorQuantizer(disabled)
camera_head.trunk.3.norm1.output_quantizer                                       TensorQuantizer(disabled)
camera_head.trunk.3.attn.qkv.input_quantizer                                     TensorQuantizer(disabled)
camera_head.trunk.3.attn.qkv.output_quantizer                                    TensorQuantizer(disabled)
camera_head.trunk.3.attn.qkv.weight_quantizer                                    TensorQuantizer(disabled)
camera_head.trunk.3.attn.proj.input_quantizer                                    TensorQuantizer(disabled)
camera_head.trunk.3.attn.proj.output_quantizer                                   TensorQuantizer(disabled)
camera_head.trunk.3.attn.proj.weight_quantizer                                   TensorQuantizer(disabled)
camera_head.trunk.3.norm2.input_quantizer                                        TensorQuantizer(disabled)
camera_head.trunk.3.norm2.output_quantizer                                       TensorQuantizer(disabled)
camera_head.trunk.3.mlp.fc1.input_quantizer                                      TensorQuantizer(disabled)
camera_head.trunk.3.mlp.fc1.output_quantizer                                     TensorQuantizer(disabled)
camera_head.trunk.3.mlp.fc1.weight_quantizer                                     TensorQuantizer(disabled)
camera_head.trunk.3.mlp.fc2.input_quantizer                                      TensorQuantizer(disabled)
camera_head.trunk.3.mlp.fc2.output_quantizer                                     TensorQuantizer(disabled)
camera_head.trunk.3.mlp.fc2.weight_quantizer                                     TensorQuantizer(disabled)
camera_head.token_norm.input_quantizer                                           TensorQuantizer(disabled)
camera_head.token_norm.output_quantizer                                          TensorQuantizer(disabled)
camera_head.trunk_norm.input_quantizer                                           TensorQuantizer(disabled)
camera_head.trunk_norm.output_quantizer                                          TensorQuantizer(disabled)
camera_head.embed_pose.input_quantizer                                           TensorQuantizer(disabled)
camera_head.embed_pose.output_quantizer                                          TensorQuantizer(disabled)
camera_head.embed_pose.weight_quantizer                                          TensorQuantizer(disabled)
camera_head.poseLN_modulation.1.input_quantizer                                  TensorQuantizer(disabled)
camera_head.poseLN_modulation.1.output_quantizer                                 TensorQuantizer(disabled)
camera_head.poseLN_modulation.1.weight_quantizer                                 TensorQuantizer(disabled)
camera_head.adaln_norm.input_quantizer                                           TensorQuantizer(disabled)
camera_head.adaln_norm.output_quantizer                                          TensorQuantizer(disabled)
camera_head.pose_branch.fc1.input_quantizer                                      TensorQuantizer(disabled)
camera_head.pose_branch.fc1.output_quantizer                                     TensorQuantizer(disabled)
camera_head.pose_branch.fc1.weight_quantizer                                     TensorQuantizer(disabled)
camera_head.pose_branch.fc2.input_quantizer                                      TensorQuantizer(disabled)
camera_head.pose_branch.fc2.output_quantizer                                     TensorQuantizer(disabled)
camera_head.pose_branch.fc2.weight_quantizer                                     TensorQuantizer(disabled)
1431 TensorQuantizers found in model
2026-06-25 19:56:43,047 - src_logger - INFO - Moving quantized model to CPU (fp32) for sliced export ...
2026-06-25 19:56:43,083 - src_logger - INFO - Running embed_tokens (DINO, CPU) once for the first slice's input ...
/workspace/scripts/../src/models/depth/vggt/vggt/models/aggregator.py:321: TracerWarning: Converting a tensor to a Python boolean might cause the trace to be incorrect. We can't record the data flow of Python values, so this value will be treated as a constant in the future. This means that the trace might not generalize to other inputs!
  if tokens.shape != (B * S, P, C):
/workspace/scripts/../src/models/depth/vggt/vggt/models/aggregator.py:328: TracerWarning: Converting a tensor to a Python boolean might cause the trace to be incorrect. We can't record the data flow of Python values, so this value will be treated as a constant in the future. This means that the trace might not generalize to other inputs!
  if pos is not None and pos.shape != (B * S, P, 2):
/usr/local/lib/python3.10/dist-packages/modelopt/torch/quantization/nn/modules/tensor_quantizer.py:1037: TracerWarning: Converting a tensor to a Python boolean might cause the trace to be incorrect. We can't record the data flow of Python values, so this value will be treated as a constant in the future. This means that the trace might not generalize to other inputs!
  if inputs.numel() == 0:
/workspace/scripts/../src/models/depth/vggt/vggt/layers/rope.py:176: TracerWarning: Converting a tensor to a Python boolean might cause the trace to be incorrect. We can't record the data flow of Python values, so this value will be treated as a constant in the future. This means that the trace might not generalize to other inputs!
  assert tokens.size(-1) % 2 == 0, "Feature dimension must be even"
/workspace/scripts/../src/models/depth/vggt/vggt/layers/rope.py:177: TracerWarning: Converting a tensor to a Python boolean might cause the trace to be incorrect. We can't record the data flow of Python values, so this value will be treated as a constant in the future. This means that the trace might not generalize to other inputs!
  assert positions.ndim == 3 and positions.shape[-1] == 2, "Positions must have shape (batch_size, n_tokens, 2)"
/workspace/scripts/../src/models/depth/vggt/vggt/layers/rope.py:183: TracerWarning: Converting a tensor to a Python integer might cause the trace to be incorrect. We can't record the data flow of Python values, so this value will be treated as a constant in the future. This means that the trace might not generalize to other inputs!
  max_position = int(positions.max()) + 1
/workspace/scripts/../src/models/depth/vggt/vggt/models/aggregator.py:348: TracerWarning: Converting a tensor to a Python boolean might cause the trace to be incorrect. We can't record the data flow of Python values, so this value will be treated as a constant in the future. This means that the trace might not generalize to other inputs!
  if tokens.shape != (B, S * P, C):
/workspace/scripts/../src/models/depth/vggt/vggt/models/aggregator.py:356: TracerWarning: Converting a tensor to a Python boolean might cause the trace to be incorrect. We can't record the data flow of Python values, so this value will be treated as a constant in the future. This means that the trace might not generalize to other inputs!
  if pos is not None and pos.shape != (B, S * P, 2):
/usr/local/lib/python3.10/dist-packages/modelopt/torch/quantization/tensor_quant.py:616: TracerWarning: Converting a tensor to a Python boolean might cause the trace to be incorrect. We can't record the data flow of Python values, so this value will be treated as a constant in the future. This means that the trace might not generalize to other inputs!
  if min_amax < 0:
/usr/local/lib/python3.10/dist-packages/modelopt/torch/quantization/tensor_quant.py:619: TracerWarning: torch.tensor results are registered as constants in the trace. You can safely ignore this warning if you use this function to create tensors out of constant variables that would be the same every time you call this function. In any other case, this might cause the trace to be incorrect.
  max_bound = torch.tensor((2.0 ** (num_bits - 1 + int(unsigned))) - 1.0, device=amax.device)
/usr/local/lib/python3.10/dist-packages/modelopt/torch/quantization/tensor_quant.py:629: TracerWarning: Converting a tensor to a Python boolean might cause the trace to be incorrect. We can't record the data flow of Python values, so this value will be treated as a constant in the future. This means that the trace might not generalize to other inputs!
  if min_amax <= epsilon:  # Treat amax smaller than minimum representable of fp16 0
/usr/local/lib/python3.10/dist-packages/modelopt/torch/quantization/tensor_quant.py:635: TracerWarning: Converting a tensor to a Python boolean might cause the trace to be incorrect. We can't record the data flow of Python values, so this value will be treated as a constant in the future. This means that the trace might not generalize to other inputs!
  if min_amax <= epsilon:
2026-06-25 20:53:31,493 - src_logger - INFO - ModelOpt chain export done: 3 slices (96 Q/DQ in slice 0).
